Problema,PC,PM,TC,TM,Tiempo,Iteraciones,Evaluaciones,Fitness
problem_mknap1,0.9,0.01,0,0,94.26666666666667 +- 60.48877543828267,9601.933333333332 +- 14022.414544242183,9617.866666666667 +- 14022.215931755636,3706.6666666666665 +- 355.19138438344737
problem_mknap1,0.9,0.01,0,1,49.666666666666664 +- 38.100894489756286,1696.6333333333334 +- 9120.267485049471,1712.6 +- 9120.084911885417,3780.0 +- 109.54451150103323
problem_mknap1,0.9,0.01,1,0,89.0 +- 72.61091397018913,8363.066666666668 +- 14345.296787673538,8379.0 +- 14345.096689617772,3706.6666666666665 +- 355.19138438344737
problem_mknap1,0.9,0.01,1,1,40.2 +- 6.359353686527022,26.966666666666665 +- 26.00727130860791,42.96666666666667 +- 26.00727130860791,3800.0 +- 0.0
problem_mknap1,0.9,0.1,0,0,43.733333333333334 +- 9.526490591424826,70.93333333333334 +- 111.91219875368841,86.93333333333334 +- 111.91219875368841,3800.0 +- 0.0
problem_mknap1,0.9,0.1,0,1,49.53333333333333 +- 42.78473247939426,1696.6333333333334 +- 9120.267485049471,1712.6 +- 9120.084911885417,3780.0 +- 109.54451150103323
problem_mknap1,0.9,0.1,1,0,44.0 +- 10.922927484314185,63.733333333333334 +- 101.66338415654339,79.73333333333333 +- 101.66338415654339,3800.0 +- 0.0
problem_mknap1,0.9,0.1,1,1,43.766666666666666 +- 7.681968737124679,26.966666666666665 +- 26.00727130860791,42.96666666666667 +- 26.00727130860791,3800.0 +- 0.0
problem_mknap1,0.9,0.3,0,0,41.56666666666667 +- 7.536958745172801,33.96666666666667 +- 35.1131013306639,49.96666666666667 +- 35.1131013306639,3800.0 +- 0.0
problem_mknap1,0.9,0.3,0,1,47.86666666666667 +- 38.475906776824,1696.6333333333334 +- 9120.267485049471,1712.6 +- 9120.084911885417,3780.0 +- 109.54451150103323
problem_mknap1,0.9,0.3,1,0,43.36666666666667 +- 10.111391095445645,45.233333333333334 +- 47.34589035315877,61.233333333333334 +- 47.34589035315877,3800.0 +- 0.0
problem_mknap1,0.9,0.3,1,1,44.166666666666664 +- 8.698328548648291,26.966666666666665 +- 26.00727130860791,42.96666666666667 +- 26.00727130860791,3800.0 +- 0.0
problem_mknap1,0.75,0.01,0,0,94.83333333333333 +- 56.828285413062616,8501.1 +- 12095.822243579634,8517.066666666668 +- 12095.703982116482,3753.3333333333335 +- 255.6038601690775
problem_mknap1,0.75,0.01,0,1,46.7 +- 33.052883436218934,1693.5333333333333 +- 9120.84059470524,1709.5 +- 9120.658021293162,3780.0 +- 109.54451150103323
problem_mknap1,0.75,0.01,1,0,93.03333333333333 +- 55.0231821572748,6735.033333333334 +- 11365.797951213812,6751.033333333334 +- 11365.797951213812,3800.0 +- 0.0
problem_mknap1,0.75,0.01,1,1,43.63333333333333 +- 9.949816610104563,18.833333333333332 +- 23.233571627597698,34.833333333333336 +- 23.233571627597698,3800.0 +- 0.0
problem_mknap1,0.75,0.1,0,0,46.833333333333336 +- 9.773586266348048,85.6 +- 89.60241683932568,101.6 +- 89.60241683932568,3800.0 +- 0.0
problem_mknap1,0.75,0.1,0,1,50.7 +- 43.12623811316149,1693.5333333333333 +- 9120.84059470524,1709.5 +- 9120.658021293162,3780.0 +- 109.54451150103323
problem_mknap1,0.75,0.1,1,0,49.96666666666667 +- 12.702113137620824,145.6 +- 241.5144173607519,161.6 +- 241.5144173607519,3800.0 +- 0.0
problem_mknap1,0.75,0.1,1,1,42.53333333333333 +- 10.17004842945555,18.833333333333332 +- 23.233571627597698,34.833333333333336 +- 23.233571627597698,3800.0 +- 0.0
problem_mknap1,0.75,0.3,0,0,43.4 +- 8.600721701874992,42.6 +- 51.574920395412185,58.6 +- 51.574920395412185,3800.0 +- 0.0
problem_mknap1,0.75,0.3,0,1,51.7 +- 40.93573601095527,1693.5333333333333 +- 9120.84059470524,1709.5 +- 9120.658021293162,3780.0 +- 109.54451150103323
problem_mknap1,0.75,0.3,1,0,42.53333333333333 +- 7.85090960393733,26.8 +- 31.798286659547536,42.8 +- 31.798286659547536,3800.0 +- 0.0
problem_mknap1,0.75,0.3,1,1,42.8 +- 10.528778296354858,18.833333333333332 +- 23.233571627597698,34.833333333333336 +- 23.233571627597698,3800.0 +- 0.0
problem_mknap1,0.5,0.01,0,0,98.76666666666667 +- 67.8561781972742,8690.733333333334 +- 12941.171545146888,8706.666666666666 +- 12940.951482188926,3706.6666666666665 +- 355.19138438344737
problem_mknap1,0.5,0.01,0,1,53.03333333333333 +- 32.68499954722807,1704.3 +- 9118.863155663876,1720.2666666666667 +- 9118.680583374393,3780.0 +- 109.54451150103323
problem_mknap1,0.5,0.01,1,0,96.86666666666666 +- 55.53919605873473,9544.666666666666 +- 12582.737581999843,9560.666666666666 +- 12582.737581999843,3800.0 +- 0.0
problem_mknap1,0.5,0.01,1,1,48.2 +- 35.115965521152326,1694.6666666666667 +- 9120.690662494784,1710.6333333333334 +- 9120.508090366282,3780.0 +- 109.54451150103323
problem_mknap1,0.5,0.1,0,0,46.3 +- 10.51156998018259,66.46666666666667 +- 98.08255964108567,82.46666666666667 +- 98.08255964108567,3800.0 +- 0.0
problem_mknap1,0.5,0.1,0,1,51.93333333333333 +- 34.39219371464616,1704.3 +- 9118.863155663876,1720.2666666666667 +- 9118.680583374393,3780.0 +- 109.54451150103323
problem_mknap1,0.5,0.1,1,0,45.2 +- 10.270144208771633,69.43333333333334 +- 94.73108339357013,85.43333333333334 +- 94.73108339357013,3800.0 +- 0.0
problem_mknap1,0.5,0.1,1,1,49.13333333333333 +- 29.975545588584925,1694.6666666666667 +- 9120.690662494784,1710.6333333333334 +- 9120.508090366282,3780.0 +- 109.54451150103323
problem_mknap1,0.5,0.3,0,0,42.8 +- 8.852819539169625,29.333333333333332 +- 34.09553852231164,45.333333333333336 +- 34.095538522311635,3800.0 +- 0.0
problem_mknap1,0.5,0.3,0,1,50.666666666666664 +- 37.53925148826028,1704.3 +- 9118.863155663876,1720.2666666666667 +- 9118.680583374393,3780.0 +- 109.54451150103323
problem_mknap1,0.5,0.3,1,0,42.666666666666664 +- 6.471866614143432,29.466666666666665 +- 35.86250883903529,45.46666666666667 +- 35.8625088390353,3800.0 +- 0.0
problem_mknap1,0.5,0.3,1,1,52.233333333333334 +- 41.17974337423457,1694.6666666666667 +- 9120.690662494784,1710.6333333333334 +- 9120.508090366282,3780.0 +- 109.54451150103323
problem_mknap2,0.9,0.01,0,0,211.76666666666668 +- 74.9126771341293,40250.8 +- 19813.75747128834,40266.0 +- 19813.35089068079,8410.739999999998 +- 150.20462732208225
problem_mknap2,0.9,0.01,0,1,215.7 +- 48.19010486496737,46660.13333333333 +- 12653.19482004537,46675.2 +- 12652.941112097491,8268.390000000001 +- 435.8740274753546
problem_mknap2,0.9,0.01,1,0,231.76666666666668 +- 58.86318639560449,44326.23333333333 +- 14899.481108028753,44341.36666666667 +- 14899.14060118982,8386.126666666665 +- 127.64938762453825
problem_mknap2,0.9,0.01,1,1,218.4 +- 59.658568769173534,44994.6 +- 15227.150843148562,45009.7 +- 15226.845714859592,8387.363333333331 +- 184.65465526935338
problem_mknap2,0.9,0.1,0,0,132.2 +- 73.1434113279498,16827.3 +- 20017.454640543256,16843.066666666666 +- 20017.05481097924,8619.953333333335 +- 158.82358839254695
problem_mknap2,0.9,0.1,0,1,229.4 +- 52.34145189242362,46660.13333333333 +- 12653.19482004537,46675.2 +- 12652.941112097491,8268.390000000001 +- 435.8740274753546
problem_mknap2,0.9,0.1,1,0,180.3 +- 86.85665956243555,26868.0 +- 21031.10406697333,26883.7 +- 21030.762944086095,8595.340000000002 +- 172.08101860901849
problem_mknap2,0.9,0.1,1,1,239.43333333333334 +- 66.37390603466734,44994.6 +- 15227.150843148562,45009.7 +- 15226.845714859592,8387.363333333331 +- 184.65465526935338
problem_mknap2,0.9,0.3,0,0,64.2 +- 17.513344665691655,424.5 +- 309.3325127565414,440.5 +- 309.3325127565414,8706.100000000004 +- 3.700170984052295e-12
problem_mknap2,0.9,0.3,0,1,221.03333333333333 +- 45.76739038866544,46660.13333333333 +- 12653.19482004537,46675.2 +- 12652.941112097491,8268.390000000001 +- 435.8740274753546
problem_mknap2,0.9,0.3,1,0,64.5 +- 16.12825748973436,470.9 +- 321.3841132910307,486.9 +- 321.3841132910307,8706.100000000004 +- 3.700170984052295e-12
problem_mknap2,0.9,0.3,1,1,211.3 +- 56.93380911804211,44994.6 +- 15227.150843148562,45009.7 +- 15226.845714859592,8387.363333333331 +- 184.65465526935338
problem_mknap2,0.75,0.01,0,0,213.53333333333333 +- 56.74974302438147,42764.26666666667 +- 16589.607161970584,42779.46666666667 +- 16589.246950823366,8410.739999999998 +- 150.20462732208225
problem_mknap2,0.75,0.01,0,1,218.4 +- 50.230915058220944,46656.433333333334 +- 12667.2670260477,46671.5 +- 12667.013317927464,8318.05 +- 332.4719534450781
problem_mknap2,0.75,0.01,1,0,212.96666666666667 +- 77.94847251752975,40649.8 +- 19154.286590374668,40665.0 +- 19153.88325082428,8410.739999999998 +- 150.20462732208225
problem_mknap2,0.75,0.01,1,1,223.56666666666666 +- 51.616412341313556,46656.433333333334 +- 12667.267385377307,46671.5 +- 12667.013677264267,8360.626666666665 +- 212.39911996267676
problem_mknap2,0.75,0.1,0,0,150.43333333333334 +- 78.50178268713056,20960.766666666666 +- 19466.093323738736,20976.533333333333 +- 19465.73342503982,8619.953333333335 +- 158.82358839254695
problem_mknap2,0.75,0.1,0,1,231.76666666666668 +- 51.64379545691237,46656.433333333334 +- 12667.2670260477,46671.5 +- 12667.013317927464,8318.05 +- 332.4719534450781
problem_mknap2,0.75,0.1,1,0,152.96666666666667 +- 81.74328331928007,21943.2 +- 20642.856809777215,21958.933333333334 +- 20642.48207298079,8607.64666666667 +- 166.05746353417058
problem_mknap2,0.75,0.1,1,1,229.86666666666667 +- 49.598896910240285,46656.433333333334 +- 12667.267385377307,46671.5 +- 12667.013677264267,8360.626666666665 +- 212.39911996267676
problem_mknap2,0.75,0.3,0,0,65.7 +- 18.74906894240075,487.6333333333333 +- 251.12608226825486,503.6333333333333 +- 251.12608226825486,8706.100000000004 +- 3.700170984052295e-12
problem_mknap2,0.75,0.3,0,1,225.06666666666666 +- 49.63656420167624,46656.433333333334 +- 12667.2670260477,46671.5 +- 12667.013317927464,8318.05 +- 332.4719534450781
problem_mknap2,0.75,0.3,1,0,63.86666666666667 +- 13.677903986768747,439.1 +- 423.16821062404796,455.1 +- 423.16821062404796,8706.100000000004 +- 3.700170984052295e-12
problem_mknap2,0.75,0.3,1,1,245.0 +- 58.71145103605105,46656.433333333334 +- 12667.267385377307,46671.5 +- 12667.013677264267,8360.626666666665 +- 212.39911996267676
problem_mknap2,0.5,0.01,0,0,224.0 +- 66.33873367955479,42040.86666666667 +- 18081.24935936127,42056.03333333333 +- 18080.870602862884,8398.43333333333 +- 139.94489884466586
problem_mknap2,0.5,0.01,0,1,224.4 +- 73.61624633284374,43328.46666666667 +- 17261.023198051676,43343.6 +- 17260.67745224227,8299.063333333334 +- 393.0126360022935
problem_mknap2,0.5,0.01,1,0,242.6 +- 65.21561057039155,42943.833333333336 +- 16403.36559469834,42959.0 +- 16402.995550645093,8398.43333333333 +- 139.9448988446659
problem_mknap2,0.5,0.01,1,1,225.3 +- 68.77055805482759,43351.5 +- 17201.328428551573,43366.63333333333 +- 17200.982683402493,8373.38 +- 197.77131935298584
problem_mknap2,0.5,0.1,0,0,172.76666666666668 +- 94.44015924468214,25308.333333333332 +- 22454.30981031195,25324.0 +- 22453.93085623432,8583.033333333335 +- 177.01785090840423
problem_mknap2,0.5,0.1,0,1,226.13333333333333 +- 74.4866261235154,43328.46666666667 +- 17261.023198051676,43343.6 +- 17260.67745224227,8299.063333333334 +- 393.0126360022935
problem_mknap2,0.5,0.1,1,0,147.53333333333333 +- 83.57269531550871,16566.466666666667 +- 19163.430460543645,16582.3 +- 19163.129794675664,8644.56666666667 +- 139.94489884466586
problem_mknap2,0.5,0.1,1,1,221.9 +- 64.68456619200809,43351.5 +- 17201.328428551573,43366.63333333333 +- 17200.982683402493,8373.38 +- 197.77131935298584
problem_mknap2,0.5,0.3,0,0,60.6 +- 15.412936796394614,425.06666666666666 +- 385.69381579204753,441.06666666666666 +- 385.69381579204753,8706.100000000004 +- 3.700170984052295e-12
problem_mknap2,0.5,0.3,0,1,207.13333333333333 +- 68.32818034958238,43328.46666666667 +- 17261.023198051676,43343.6 +- 17260.67745224227,8299.063333333334 +- 393.0126360022935
problem_mknap2,0.5,0.3,1,0,65.03333333333333 +- 12.704827573728064,543.0 +- 361.1888416193734,559.0 +- 361.1888416193734,8706.100000000004 +- 3.700170984052295e-12
problem_mknap2,0.5,0.3,1,1,212.13333333333333 +- 63.83261156219895,43351.5 +- 17201.328428551573,43366.63333333333 +- 17200.982683402493,8373.38 +- 197.77131935298584
problem_mknap3,0.9,0.01,0,0,231.66666666666666 +- 30.691269491314717,45833.8 +- 9024.574069230886,45849.0 +- 9024.193390260849,3874.6666666666665 +- 223.62967129846047
problem_mknap3,0.9,0.01,0,1,186.23333333333332 +- 79.46575203901638,36727.46666666667 +- 22361.041676947007,36742.73333333333 +- 22360.59190187726,3955.0 +- 55.17995638098037
problem_mknap3,0.9,0.01,1,0,220.96666666666667 +- 64.462490206927,39844.566666666666 +- 17124.306261676065,39859.86666666667 +- 17123.877452729328,3950.5 +- 134.0634821320829
problem_mknap3,0.9,0.01,1,1,173.5 +- 104.257886495707,28443.066666666666 +- 25055.408454523116,28458.5 +- 25054.904450371414,4000.0 +- 29.33163526955507
problem_mknap3,0.9,0.1,0,0,85.1 +- 28.904539674471614,2287.8 +- 3833.2487472926523,2303.8 +- 3833.2487472926523,4015.0 +- 0.0
problem_mknap3,0.9,0.1,0,1,195.0 +- 86.93239545365321,36727.46666666667 +- 22361.041676947007,36742.73333333333 +- 22360.59190187726,3955.0 +- 55.17995638098037
problem_mknap3,0.9,0.1,1,0,83.66666666666667 +- 32.56434832158008,2645.366666666667 +- 3855.4638120136888,2661.366666666667 +- 3855.4638120136888,4015.0 +- 0.0
problem_mknap3,0.9,0.1,1,1,165.13333333333333 +- 97.86363959113206,28443.066666666666 +- 25055.408454523116,28458.5 +- 25054.904450371414,4000.0 +- 29.33163526955507
problem_mknap3,0.9,0.3,0,0,92.16666666666667 +- 25.065546257670157,3224.8333333333335 +- 2269.0696116027048,3240.8333333333335 +- 2269.0696116027048,4015.0 +- 0.0
problem_mknap3,0.9,0.3,0,1,194.63333333333333 +- 83.12453612350042,36727.46666666667 +- 22361.041676947007,36742.73333333333 +- 22360.59190187726,3955.0 +- 55.17995638098037
problem_mknap3,0.9,0.3,1,0,91.93333333333334 +- 28.093358318456612,2529.0333333333333 +- 3709.782552260641,2545.0333333333333 +- 3709.782552260641,4015.0 +- 0.0
problem_mknap3,0.9,0.3,1,1,181.33333333333334 +- 101.36935989951196,28443.066666666666 +- 25055.408454523116,28458.5 +- 25054.904450371414,4000.0 +- 29.33163526955507
problem_mknap3,0.75,0.01,0,0,238.36666666666667 +- 45.227763317597784,44106.76666666667 +- 13681.93615226707,44121.96666666667 +- 13681.580594016714,3879.0 +- 206.38681460156147
problem_mknap3,0.75,0.01,0,1,154.5 +- 100.27814765217657,23472.0 +- 25224.872741553845,23487.533333333333 +- 25224.365330498145,3974.5 +- 59.38405103427502
problem_mknap3,0.75,0.01,1,0,255.96666666666667 +- 45.32829163986335,44327.23333333333 +- 13427.795281284712,44342.433333333334 +- 13427.4465816215,3906.5 +- 228.9976283569405
problem_mknap3,0.75,0.01,1,1,174.93333333333334 +- 99.82948681016853,26771.033333333333 +- 25241.169586655426,26786.5 +- 25240.662173332057,3927.5 +- 185.22004620785887
problem_mknap3,0.75,0.1,0,0,92.13333333333334 +- 26.641597411635775,2460.5333333333333 +- 3419.6334420754692,2476.5333333333333 +- 3419.6334420754692,4015.0 +- 0.0
problem_mknap3,0.75,0.1,0,1,158.86666666666667 +- 98.93597139959566,23472.0 +- 25224.872741553845,23487.533333333333 +- 25224.365330498145,3974.5 +- 59.38405103427502
problem_mknap3,0.75,0.1,1,0,82.2 +- 31.62539355077466,2071.366666666667 +- 2833.888269319824,2087.366666666667 +- 2833.888269319824,4015.0 +- 0.0
problem_mknap3,0.75,0.1,1,1,155.06666666666666 +- 94.84940271505299,26771.033333333333 +- 25241.169586655426,26786.5 +- 25240.662173332057,3927.5 +- 185.22004620785887
problem_mknap3,0.75,0.3,0,0,82.1 +- 22.493447321693335,3110.4333333333334 +- 3225.586476300388,3126.4333333333334 +- 3225.586476300388,4015.0 +- 0.0
problem_mknap3,0.75,0.3,0,1,145.03333333333333 +- 92.514857458544,23472.0 +- 25224.872741553845,23487.533333333333 +- 25224.365330498145,3974.5 +- 59.38405103427502
problem_mknap3,0.75,0.3,1,0,88.0 +- 23.49174469820233,2627.3333333333335 +- 1846.301322837809,2643.3333333333335 +- 1846.301322837809,4015.0 +- 0.0
problem_mknap3,0.75,0.3,1,1,158.06666666666666 +- 96.06927577080216,26771.033333333333 +- 25241.169586655426,26786.5 +- 25240.662173332057,3927.5 +- 185.22004620785887
problem_mknap3,0.5,0.01,0,0,231.43333333333334 +- 42.50734892514091,45835.833333333336 +- 10977.908632193183,45850.96666666667 +- 10977.56977528562,3846.8333333333335 +- 266.29152851887636
problem_mknap3,0.5,0.01,0,1,177.0 +- 88.51767795386878,33428.53333333333 +- 23814.89778983378,33443.86666666667 +- 23814.418331430392,3963.5 +- 52.852266450602826
problem_mknap3,0.5,0.01,1,0,229.26666666666668 +- 60.67319656659929,41686.23333333333 +- 15437.173755722508,41701.5 +- 15436.765935081181,3857.3333333333335 +- 271.78443960093705
problem_mknap3,0.5,0.01,1,1,211.7 +- 80.04531044438475,40044.666666666664 +- 20220.608726355593,40059.86666666667 +- 20220.20188980238,3856.0 +- 267.0799957651846
problem_mknap3,0.5,0.1,0,0,80.26666666666667 +- 27.323014592771084,2145.5333333333333 +- 2865.2878261069663,2161.5333333333333 +- 2865.2878261069663,4015.0 +- 0.0
problem_mknap3,0.5,0.1,0,1,184.1 +- 87.95271064807966,33428.53333333333 +- 23814.89778983378,33443.86666666667 +- 23814.418331430392,3963.5 +- 52.852266450602826
problem_mknap3,0.5,0.1,1,0,82.3 +- 30.29527105466894,2613.3333333333335 +- 3458.2247222939486,2629.3333333333335 +- 3458.2247222939486,4015.0 +- 0.0
problem_mknap3,0.5,0.1,1,1,208.8 +- 79.7701006989288,40044.666666666664 +- 20220.608726355593,40059.86666666667 +- 20220.20188980238,3856.0 +- 267.0799957651846
problem_mknap3,0.5,0.3,0,0,91.46666666666667 +- 26.415425657060272,2808.3333333333335 +- 1540.1789267603883,2824.3333333333335 +- 1540.1789267603883,4015.0 +- 0.0
problem_mknap3,0.5,0.3,0,1,186.9 +- 93.53160999878875,33428.53333333333 +- 23814.89778983378,33443.86666666667 +- 23814.418331430392,3963.5 +- 52.852266450602826
problem_mknap3,0.5,0.3,1,0,93.6 +- 28.542285629667383,2681.3333333333335 +- 2442.5033841551162,2697.3333333333335 +- 2442.5033841551162,4015.0 +- 0.0
problem_mknap3,0.5,0.3,1,1,224.46666666666667 +- 82.4753812100746,40044.666666666664 +- 20220.608726355593,40059.86666666667 +- 20220.20188980238,3856.0 +- 267.0799957651846
problem_mknap4,0.9,0.01,0,0,280.1333333333333 +- 22.532326713556163,49985.0 +- 0.0,50000.0 +- 0.0,5682.666666666667 +- 355.8034456747475
problem_mknap4,0.9,0.01,0,1,253.46666666666667 +- 25.910633329585554,49985.0 +- 0.0,50000.0 +- 0.0,5836.333333333333 +- 249.12928832004192
problem_mknap4,0.9,0.01,1,0,276.76666666666665 +- 21.279232766395424,49985.0 +- 0.0,50000.0 +- 0.0,5617.166666666667 +- 485.84388604694345
problem_mknap4,0.9,0.01,1,1,262.3 +- 41.61991400014313,48325.63333333333 +- 9088.725545054893,48340.666666666664 +- 9088.542970869057,5781.166666666667 +- 455.88996580264876
problem_mknap4,0.9,0.1,0,0,131.4 +- 26.823304329862378,9231.966666666667 +- 5826.68495969537,9247.966666666667 +- 5826.68495969537,6120.0 +- 0.0
problem_mknap4,0.9,0.1,0,1,243.96666666666667 +- 17.548913579367014,49985.0 +- 0.0,50000.0 +- 0.0,5836.333333333333 +- 249.12928832004192
problem_mknap4,0.9,0.1,1,0,107.73333333333333 +- 35.10568608362894,6646.966666666666 +- 6644.230675910691,6662.966666666666 +- 6644.230675910691,6120.0 +- 0.0
problem_mknap4,0.9,0.1,1,1,246.76666666666668 +- 40.07637822900197,48325.63333333333 +- 9088.725545054893,48340.666666666664 +- 9088.542970869057,5781.166666666667 +- 455.88996580264876
problem_mknap4,0.9,0.3,0,0,166.46666666666667 +- 48.674664749803334,21650.966666666667 +- 14181.734647762249,21666.866666666665 +- 14181.527967706816,6118.666666666667 +- 4.341724854553046
problem_mknap4,0.9,0.3,0,1,241.96666666666667 +- 20.50648902064961,49985.0 +- 0.0,50000.0 +- 0.0,5836.333333333333 +- 249.12928832004192
problem_mknap4,0.9,0.3,1,0,171.16666666666666 +- 61.424516802070286,20174.766666666666 +- 14970.386993554363,20190.7 +- 14970.249665413987,6119.333333333333 +- 2.5370813170246254
problem_mknap4,0.9,0.3,1,1,250.76666666666668 +- 42.143174138130384,48325.63333333333 +- 9088.725545054893,48340.666666666664 +- 9088.542970869057,5781.166666666667 +- 455.88996580264876
problem_mknap4,0.75,0.01,0,0,247.6 +- 26.18975846157925,48767.066666666666 +- 6670.895602041253,48782.1 +- 6670.713027855419,5639.0 +- 363.5467052478288
problem_mknap4,0.75,0.01,0,1,247.03333333333333 +- 23.575971597828353,49985.0 +- 0.0,50000.0 +- 0.0,5733.666666666667 +- 368.7255154544182
problem_mknap4,0.75,0.01,1,0,258.1333333333333 +- 34.060527597644246,48493.566666666666 +- 8168.916796817883,48508.6 +- 8168.734222632048,5738.333333333333 +- 293.6521908574876
problem_mknap4,0.75,0.01,1,1,247.1 +- 37.43532353641227,48335.13333333333 +- 9036.691902091901,48350.166666666664 +- 9036.509327906064,5757.666666666667 +- 373.6717472764614
problem_mknap4,0.75,0.1,0,0,129.0 +- 36.71042321213136,10212.5 +- 7607.8963459253855,10228.5 +- 7607.8963459253855,6120.0 +- 0.0
problem_mknap4,0.75,0.1,0,1,252.33333333333334 +- 26.710882882597044,49985.0 +- 0.0,50000.0 +- 0.0,5733.666666666667 +- 368.7255154544182
problem_mknap4,0.75,0.1,1,0,129.43333333333334 +- 49.7515782687332,8593.333333333334 +- 8937.82768613976,8609.333333333334 +- 8937.82768613976,6120.0 +- 0.0
problem_mknap4,0.75,0.1,1,1,261.93333333333334 +- 42.97387605264977,48335.13333333333 +- 9036.691902091901,48350.166666666664 +- 9036.509327906064,5757.666666666667 +- 373.6717472764614
problem_mknap4,0.75,0.3,0,0,174.06666666666666 +- 66.02503878928384,19190.0 +- 15403.37808673015,19205.866666666665 +- 15403.102331344975,6118.666666666667 +- 3.457459036417605
problem_mknap4,0.75,0.3,0,1,256.1333333333333 +- 25.369997666716397,49985.0 +- 0.0,50000.0 +- 0.0,5733.666666666667 +- 368.7255154544182
problem_mknap4,0.75,0.3,1,0,183.13333333333333 +- 70.94229482757306,21623.233333333334 +- 17650.968283849794,21639.066666666666 +- 17650.691249398966,6118.0 +- 4.842341981115023
problem_mknap4,0.75,0.3,1,1,261.73333333333335 +- 36.15954429577565,48335.13333333333 +- 9036.691902091901,48350.166666666664 +- 9036.509327906064,5757.666666666667 +- 373.6717472764614
problem_mknap4,0.5,0.01,0,0,265.6 +- 20.70249027166239,49985.0 +- 0.0,50000.0 +- 0.0,5646.333333333333 +- 346.5070366338635
problem_mknap4,0.5,0.01,0,1,260.6 +- 19.038255498175065,49985.0 +- 0.0,50000.0 +- 0.0,5634.0 +- 352.67548823245426
problem_mknap4,0.5,0.01,1,0,270.73333333333335 +- 18.15628196279854,49985.0 +- 0.0,50000.0 +- 0.0,5631.833333333333 +- 408.65313538191685
problem_mknap4,0.5,0.01,1,1,250.46666666666667 +- 17.53564514281447,49985.0 +- 0.0,50000.0 +- 0.0,5663.0 +- 433.6624302937434
problem_mknap4,0.5,0.1,0,0,131.03333333333333 +- 38.472993961580585,9579.333333333334 +- 7797.908823716041,9595.333333333334 +- 7797.908823716041,6120.0 +- 0.0
problem_mknap4,0.5,0.1,0,1,247.83333333333334 +- 23.959856273435324,49985.0 +- 0.0,50000.0 +- 0.0,5634.0 +- 352.67548823245426
problem_mknap4,0.5,0.1,1,0,121.73333333333333 +- 37.314075492835904,7780.066666666667 +- 5986.143476357732,7796.066666666667 +- 5986.143476357732,6120.0 +- 0.0
problem_mknap4,0.5,0.1,1,1,262.23333333333335 +- 19.489490241795895,49985.0 +- 0.0,50000.0 +- 0.0,5663.0 +- 433.6624302937434
problem_mknap4,0.5,0.3,0,0,175.83333333333334 +- 69.50518875859424,19513.9 +- 16537.446899542032,19529.8 +- 16537.25629246758,6119.0 +- 3.051285766293647
problem_mknap4,0.5,0.3,0,1,255.66666666666666 +- 17.780914474239786,49985.0 +- 0.0,50000.0 +- 0.0,5634.0 +- 352.67548823245426
problem_mknap4,0.5,0.3,1,0,205.23333333333332 +- 64.15051446206122,25546.166666666668 +- 16006.63819855813,25562.0 +- 16006.374960599616,6118.0 +- 4.842341981115023
problem_mknap4,0.5,0.3,1,1,257.76666666666665 +- 19.4753306967334,49985.0 +- 0.0,50000.0 +- 0.0,5663.0 +- 433.6624302937434
problem_mknap5,0.9,0.01,0,0,287.03333333333336 +- 41.25403498203358,47290.96666666667 +- 10312.888008109856,47306.03333333333 +- 10312.63578630214,11599.0 +- 716.0552858640128
problem_mknap5,0.9,0.01,0,1,263.3666666666667 +- 21.955257532840132,49985.0 +- 0.0,50000.0 +- 0.0,11655.666666666666 +- 750.2617167883225
problem_mknap5,0.9,0.01,1,0,293.0 +- 45.562386180738585,45884.2 +- 11768.710023354008,45899.333333333336 +- 11768.397621371936,11727.666666666666 +- 653.8107568303893
problem_mknap5,0.9,0.01,1,1,286.43333333333334 +- 19.939016219866314,49985.0 +- 0.0,50000.0 +- 0.0,11791.166666666666 +- 721.1911642569527
problem_mknap5,0.9,0.1,0,0,226.5 +- 85.83695450457623,32921.13333333333 +- 20720.248112502853,32936.63333333333 +- 20719.822147558043,12391.0 +- 11.551981469084382
problem_mknap5,0.9,0.1,0,1,264.53333333333336 +- 17.03289582630872,49985.0 +- 0.0,50000.0 +- 0.0,11655.666666666666 +- 750.2617167883225
problem_mknap5,0.9,0.1,1,0,251.26666666666668 +- 92.26309208410231,35100.26666666667 +- 19722.756668784714,35115.76666666667 +- 19722.36631022537,12392.0 +- 10.954451150103322
problem_mknap5,0.9,0.1,1,1,279.8666666666667 +- 20.363478690238956,49985.0 +- 0.0,50000.0 +- 0.0,11791.166666666666 +- 721.1911642569527
problem_mknap5,0.9,0.3,0,0,302.6 +- 20.43593859373473,49933.03333333333 +- 284.6331557168513,49948.066666666666 +- 284.4505815310164,12327.333333333334 +- 41.01583658265077
problem_mknap5,0.9,0.3,0,1,260.3 +- 24.315668284830895,49985.0 +- 0.0,50000.0 +- 0.0,11655.666666666666 +- 750.2617167883225
problem_mknap5,0.9,0.3,1,0,307.43333333333334 +- 48.73410144527301,47210.73333333333 +- 10613.749699566948,47225.8 +- 10613.497328629595,12334.5 +- 40.6063949439596
problem_mknap5,0.9,0.3,1,1,285.2 +- 21.62916294393226,49985.0 +- 0.0,50000.0 +- 0.0,11791.166666666666 +- 721.1911642569527
problem_mknap5,0.75,0.01,0,0,270.4 +- 41.703055374710935,45352.2 +- 11711.760709822325,45367.36666666667 +- 11711.419703930398,11472.0 +- 808.6169546270625
problem_mknap5,0.75,0.01,0,1,257.06666666666666 +- 19.51822019396825,49985.0 +- 0.0,50000.0 +- 0.0,11454.166666666666 +- 794.0273635228124
problem_mknap5,0.75,0.01,1,0,284.6333333333333 +- 40.39501790152305,45381.73333333333 +- 11213.142009247018,45396.9 +- 11212.788109857054,11709.5 +- 731.6530056588678
problem_mknap5,0.75,0.01,1,1,274.73333333333335 +- 23.63068334607146,49985.0 +- 0.0,50000.0 +- 0.0,11845.0 +- 559.9907634706253
problem_mknap5,0.75,0.1,0,0,245.26666666666668 +- 78.18983677379461,37259.166666666664 +- 18758.077684548072,37274.566666666666 +- 18757.65659888274,12389.0 +- 13.222238320605802
problem_mknap5,0.75,0.1,0,1,261.3333333333333 +- 20.615249349622875,49985.0 +- 0.0,50000.0 +- 0.0,11454.166666666666 +- 794.0273635228124
problem_mknap5,0.75,0.1,1,0,251.13333333333333 +- 93.62829418110942,34349.26666666667 +- 20435.169940036245,34364.7 +- 20434.721411919436,12389.666666666666 +- 12.452207485597393
problem_mknap5,0.75,0.1,1,1,277.0 +- 16.463124939045464,49985.0 +- 0.0,50000.0 +- 0.0,11845.0 +- 559.9907634706253
problem_mknap5,0.75,0.3,0,0,292.9 +- 23.59624458723654,49354.933333333334 +- 3451.0172606542155,49369.96666666667 +- 3450.834686468381,12336.666666666666 +- 42.53463767682584
problem_mknap5,0.75,0.3,0,1,267.23333333333335 +- 18.50756291512935,49985.0 +- 0.0,50000.0 +- 0.0,11454.166666666666 +- 794.0273635228124
problem_mknap5,0.75,0.3,1,0,311.43333333333334 +- 29.528108564591452,48897.5 +- 5956.482812868681,48912.53333333333 +- 5956.3002386828475,12331.666666666666 +- 42.59539665376945
problem_mknap5,0.75,0.3,1,1,276.5 +- 20.046067633982656,49985.0 +- 0.0,50000.0 +- 0.0,11845.0 +- 559.9907634706253
problem_mknap5,0.5,0.01,0,0,281.3666666666667 +- 38.96991176521324,47667.066666666666 +- 8849.52428853288,47682.13333333333 +- 8849.271393086874,11427.0 +- 772.5468404502443
problem_mknap5,0.5,0.01,0,1,266.8333333333333 +- 15.967819649777363,49985.0 +- 0.0,50000.0 +- 0.0,11247.0 +- 801.6487320860505
problem_mknap5,0.5,0.01,1,0,282.76666666666665 +- 47.00306910986905,45878.26666666667 +- 11115.8220473569,45893.433333333334 +- 11115.503558430057,11687.833333333334 +- 684.7875121390642
problem_mknap5,0.5,0.01,1,1,277.1666666666667 +- 18.373675571942282,49985.0 +- 0.0,50000.0 +- 0.0,11661.166666666666 +- 767.5191599690135
problem_mknap5,0.5,0.1,0,0,197.36666666666667 +- 94.74556975661578,24914.866666666665 +- 22289.61026365753,24930.5 +- 22289.183637453792,12390.666666666666 +- 18.742048122232845
problem_mknap5,0.5,0.1,0,1,265.8666666666667 +- 21.67746857172583,49985.0 +- 0.0,50000.0 +- 0.0,11247.0 +- 801.6487320860505
problem_mknap5,0.5,0.1,1,0,193.76666666666668 +- 88.81390203905185,20862.7 +- 20133.886462362658,20878.433333333334 +- 20133.487447676496,12393.0 +- 13.933338832974771
problem_mknap5,0.5,0.1,1,1,269.3 +- 16.657089202188214,49985.0 +- 0.0,50000.0 +- 0.0,11661.166666666666 +- 767.5191599690135
problem_mknap5,0.5,0.3,0,0,295.23333333333335 +- 29.925981484591144,48656.9 +- 5045.587764196249,48672.0 +- 5045.342700502835,12351.666666666666 +- 30.52227375872085
problem_mknap5,0.5,0.3,0,1,273.8 +- 28.273784616703228,49985.0 +- 0.0,50000.0 +- 0.0,11247.0 +- 801.6487320860505
problem_mknap5,0.5,0.3,1,0,312.0 +- 24.36928536017249,49112.86666666667 +- 4776.8709981883885,49127.9 +- 4776.688424002554,12327.0 +- 34.7553022499123
problem_mknap5,0.5,0.3,1,1,276.6666666666667 +- 21.67365051016514,49985.0 +- 0.0,50000.0 +- 0.0,11661.166666666666 +- 767.5191599690135
problem_mknap6,0.9,0.01,0,0,287.53333333333336 +- 22.13864359507793,49985.0 +- 0.0,50000.0 +- 0.0,10323.066666666668 +- 238.4936828966528
problem_mknap6,0.9,0.01,0,1,264.43333333333334 +- 22.066800360743727,49985.0 +- 0.0,50000.0 +- 0.0,10291.133333333333 +- 247.04958783728966
problem_mknap6,0.9,0.01,1,0,315.8 +- 20.107298383319975,49985.0 +- 0.0,50000.0 +- 0.0,10377.1 +- 175.2598760068346
problem_mknap6,0.9,0.01,1,1,282.26666666666665 +- 13.88855478525352,49985.0 +- 0.0,50000.0 +- 0.0,10347.233333333334 +- 248.0582083153945
problem_mknap6,0.9,0.1,0,0,291.5 +- 38.85050924975781,48634.9 +- 7394.802248877248,48649.933333333334 +- 7394.619674691412,10563.466666666667 +- 41.28432392929367
problem_mknap6,0.9,0.1,0,1,261.2 +- 21.119365194221547,49985.0 +- 0.0,50000.0 +- 0.0,10291.133333333333 +- 247.04958783728966
problem_mknap6,0.9,0.1,1,0,328.23333333333335 +- 22.108951741917497,49985.0 +- 0.0,50000.0 +- 0.0,10549.666666666666 +- 42.61643954555836
problem_mknap6,0.9,0.1,1,1,286.43333333333334 +- 19.510710291835967,49985.0 +- 0.0,50000.0 +- 0.0,10347.233333333334 +- 248.0582083153945
problem_mknap6,0.9,0.3,0,0,307.5 +- 19.648199004945237,49985.0 +- 0.0,50000.0 +- 0.0,10437.566666666668 +- 40.36615459492778
problem_mknap6,0.9,0.3,0,1,261.03333333333336 +- 21.04262231811873,49985.0 +- 0.0,50000.0 +- 0.0,10291.133333333333 +- 247.04958783728966
problem_mknap6,0.9,0.3,1,0,347.3666666666667 +- 21.592596645263804,49985.0 +- 0.0,50000.0 +- 0.0,10440.4 +- 43.56730821186439
problem_mknap6,0.9,0.3,1,1,291.5 +- 21.49538843887058,49985.0 +- 0.0,50000.0 +- 0.0,10347.233333333334 +- 248.0582083153945
problem_mknap6,0.75,0.01,0,0,281.3 +- 17.665766622052598,49985.0 +- 0.0,50000.0 +- 0.0,10322.733333333334 +- 221.61724278325136
problem_mknap6,0.75,0.01,0,1,259.4 +- 20.55539194301667,49985.0 +- 0.0,50000.0 +- 0.0,10288.866666666667 +- 237.1960826177266
problem_mknap6,0.75,0.01,1,0,318.26666666666665 +- 23.129222199205703,49985.0 +- 0.0,50000.0 +- 0.0,10263.133333333333 +- 450.3144291020122
problem_mknap6,0.75,0.01,1,1,282.5 +- 23.192968613427826,49985.0 +- 0.0,50000.0 +- 0.0,10300.2 +- 241.51110490638615
problem_mknap6,0.75,0.1,0,0,294.56666666666666 +- 24.202711921762322,49985.0 +- 0.0,50000.0 +- 0.0,10548.566666666668 +- 49.35143734295985
problem_mknap6,0.75,0.1,0,1,260.3 +- 16.938326261815956,49985.0 +- 0.0,50000.0 +- 0.0,10288.866666666667 +- 237.1960826177266
problem_mknap6,0.75,0.1,1,0,317.6333333333333 +- 34.852876330451515,48486.26666666667 +- 6159.452292787601,48501.333333333336 +- 6159.217361462989,10561.033333333333 +- 41.42336782902677
problem_mknap6,0.75,0.1,1,1,290.53333333333336 +- 19.82637277646278,49985.0 +- 0.0,50000.0 +- 0.0,10300.2 +- 241.51110490638615
problem_mknap6,0.75,0.3,0,0,303.93333333333334 +- 19.59052081357528,49985.0 +- 0.0,50000.0 +- 0.0,10452.6 +- 46.22478809559605
problem_mknap6,0.75,0.3,0,1,262.06666666666666 +- 20.797767342596696,49985.0 +- 0.0,50000.0 +- 0.0,10288.866666666667 +- 237.1960826177266
problem_mknap6,0.75,0.3,1,0,338.0 +- 16.254442363603992,49985.0 +- 0.0,50000.0 +- 0.0,10435.666666666666 +- 42.33717966054418
problem_mknap6,0.75,0.3,1,1,287.9 +- 17.630987610963007,49985.0 +- 0.0,50000.0 +- 0.0,10300.2 +- 241.51110490638615
problem_mknap6,0.5,0.01,0,0,286.1 +- 20.75032197506741,49985.0 +- 0.0,50000.0 +- 0.0,10317.0 +- 264.3032479871402
problem_mknap6,0.5,0.01,0,1,257.4 +- 11.619246815165091,49985.0 +- 0.0,50000.0 +- 0.0,10289.866666666667 +- 206.3022110857045
problem_mknap6,0.5,0.01,1,0,306.6333333333333 +- 16.28513884271291,49985.0 +- 0.0,50000.0 +- 0.0,10278.066666666668 +- 401.7127926965881
problem_mknap6,0.5,0.01,1,1,272.1333333333333 +- 21.466466765685936,49985.0 +- 0.0,50000.0 +- 0.0,10295.233333333334 +- 233.57103081671235
problem_mknap6,0.5,0.1,0,0,285.4 +- 25.43768586308443,48956.6 +- 5632.77878138313,48971.63333333333 +- 5632.5962071972945,10570.233333333334 +- 29.41461439879648
problem_mknap6,0.5,0.1,0,1,274.8 +- 20.78361423548982,49985.0 +- 0.0,50000.0 +- 0.0,10289.866666666667 +- 206.3022110857045
problem_mknap6,0.5,0.1,1,0,305.06666666666666 +- 38.24957365850594,48452.566666666666 +- 8393.483045395,48467.6 +- 8393.300471209166,10557.666666666666 +- 37.34031133473197
problem_mknap6,0.5,0.1,1,1,274.3333333333333 +- 20.693716076564673,49985.0 +- 0.0,50000.0 +- 0.0,10295.233333333334 +- 233.57103081671235
problem_mknap6,0.5,0.3,0,0,309.56666666666666 +- 21.199680110360372,49985.0 +- 0.0,50000.0 +- 0.0,10437.0 +- 47.638002795507994
problem_mknap6,0.5,0.3,0,1,260.3333333333333 +- 18.34597265460946,49985.0 +- 0.0,50000.0 +- 0.0,10289.866666666667 +- 206.3022110857045
problem_mknap6,0.5,0.3,1,0,325.1 +- 24.854542358733323,49985.0 +- 0.0,50000.0 +- 0.0,10429.2 +- 53.53529290297099
problem_mknap6,0.5,0.3,1,1,283.5 +- 18.556066021840312,49985.0 +- 0.0,50000.0 +- 0.0,10295.233333333334 +- 233.57103081671235
problem_mknap7,0.9,0.01,0,0,304.56666666666666 +- 22.649782420106398,49985.0 +- 0.0,50000.0 +- 0.0,15843.966666666667 +- 592.2205136447142
problem_mknap7,0.9,0.01,0,1,271.3333333333333 +- 20.75361760460477,49985.0 +- 0.0,50000.0 +- 0.0,15777.233333333334 +- 532.814497274377
problem_mknap7,0.9,0.01,1,0,347.3333333333333 +- 22.562301993909394,49985.0 +- 0.0,50000.0 +- 0.0,15885.1 +- 698.2396263905887
problem_mknap7,0.9,0.01,1,1,313.93333333333334 +- 16.442026331479262,49985.0 +- 0.0,50000.0 +- 0.0,16007.033333333333 +- 517.0312125129814
problem_mknap7,0.9,0.1,0,0,311.93333333333334 +- 32.60731178139644,48813.433333333334 +- 6416.93490954469,48828.46666666667 +- 6416.752335358858,16446.066666666666 +- 44.360539573638725
problem_mknap7,0.9,0.1,0,1,272.93333333333334 +- 19.64501048056756,49985.0 +- 0.0,50000.0 +- 0.0,15777.233333333334 +- 532.814497274377
problem_mknap7,0.9,0.1,1,0,351.3666666666667 +- 26.99614702180644,48920.96666666667 +- 4430.937384154605,48936.066666666666 +- 4430.7138129148025,16463.533333333333 +- 61.259613367087624
problem_mknap7,0.9,0.1,1,1,305.23333333333335 +- 18.788630702586097,49985.0 +- 0.0,50000.0 +- 0.0,16007.033333333333 +- 517.0312125129814
problem_mknap7,0.9,0.3,0,0,326.3333333333333 +- 20.667037445691367,49985.0 +- 0.0,50000.0 +- 0.0,16148.666666666666 +- 67.54019663074382
problem_mknap7,0.9,0.3,0,1,266.6666666666667 +- 19.19111384403502,49985.0 +- 0.0,50000.0 +- 0.0,15777.233333333334 +- 532.814497274377
problem_mknap7,0.9,0.3,1,0,376.6 +- 22.740818533777688,49985.0 +- 0.0,50000.0 +- 0.0,16149.533333333333 +- 65.68615732685097
problem_mknap7,0.9,0.3,1,1,311.4 +- 21.246663023994437,49985.0 +- 0.0,50000.0 +- 0.0,16007.033333333333 +- 517.0312125129814
problem_mknap7,0.75,0.01,0,0,305.56666666666666 +- 18.427272392193373,49985.0 +- 0.0,50000.0 +- 0.0,15807.4 +- 618.5570862624703
problem_mknap7,0.75,0.01,0,1,269.9 +- 22.87801233227795,49985.0 +- 0.0,50000.0 +- 0.0,15838.166666666666 +- 616.5318507494205
problem_mknap7,0.75,0.01,1,0,332.06666666666666 +- 19.185003722076573,49985.0 +- 0.0,50000.0 +- 0.0,15947.066666666668 +- 562.6031818519027
problem_mknap7,0.75,0.01,1,1,302.93333333333334 +- 19.932529872709004,49985.0 +- 0.0,50000.0 +- 0.0,15898.6 +- 691.5832211123532
problem_mknap7,0.75,0.1,0,0,313.56666666666666 +- 20.500098121436046,49985.0 +- 0.0,50000.0 +- 0.0,16400.766666666666 +- 242.5617139151834
problem_mknap7,0.75,0.1,0,1,277.6666666666667 +- 20.49277977699721,49985.0 +- 0.0,50000.0 +- 0.0,15838.166666666666 +- 616.5318507494205
problem_mknap7,0.75,0.1,1,0,350.23333333333335 +- 18.71507475241565,49676.433333333334 +- 1690.0892382751076,49691.46666666667 +- 1689.9066640892725,16445.266666666666 +- 59.967769120864695
problem_mknap7,0.75,0.1,1,1,302.93333333333334 +- 22.94511191778197,49985.0 +- 0.0,50000.0 +- 0.0,15898.6 +- 691.5832211123532
problem_mknap7,0.75,0.3,0,0,330.56666666666666 +- 17.456711649368426,49985.0 +- 0.0,50000.0 +- 0.0,16146.633333333333 +- 58.207407594313764
problem_mknap7,0.75,0.3,0,1,262.0 +- 21.355771246134882,49985.0 +- 0.0,50000.0 +- 0.0,15838.166666666666 +- 616.5318507494205
problem_mknap7,0.75,0.3,1,0,358.8333333333333 +- 20.793041497401088,49985.0 +- 0.0,50000.0 +- 0.0,16161.633333333333 +- 69.40708665662982
problem_mknap7,0.75,0.3,1,1,304.43333333333334 +- 26.432325211603196,49985.0 +- 0.0,50000.0 +- 0.0,15898.6 +- 691.5832211123532
problem_mknap7,0.5,0.01,0,0,303.8333333333333 +- 22.150088866223747,49985.0 +- 0.0,50000.0 +- 0.0,15578.333333333334 +- 724.1549811895305
problem_mknap7,0.5,0.01,0,1,273.03333333333336 +- 17.656655155050398,49985.0 +- 0.0,50000.0 +- 0.0,15621.0 +- 641.9822749728456
problem_mknap7,0.5,0.01,1,0,322.8666666666667 +- 20.674377501087456,49985.0 +- 0.0,50000.0 +- 0.0,15944.4 +- 552.2870068461093
problem_mknap7,0.5,0.01,1,1,287.8 +- 19.647584742326387,49985.0 +- 0.0,50000.0 +- 0.0,15605.8 +- 746.3474923320537
problem_mknap7,0.5,0.1,0,0,315.4 +- 30.23767916655163,48864.566666666666 +- 6136.866108473718,48879.6 +- 6136.683534287883,16445.966666666667 +- 54.153984368543966
problem_mknap7,0.5,0.1,0,1,281.5 +- 25.58656705760082,49985.0 +- 0.0,50000.0 +- 0.0,15621.0 +- 641.9822749728456
problem_mknap7,0.5,0.1,1,0,341.03333333333336 +- 35.5949273152048,49155.0 +- 4546.097227292878,49170.03333333333 +- 4545.914653107044,16416.7 +- 243.40857520383008
problem_mknap7,0.5,0.1,1,1,281.9 +- 20.805088900024703,49985.0 +- 0.0,50000.0 +- 0.0,15605.8 +- 746.3474923320537
problem_mknap7,0.5,0.3,0,0,324.56666666666666 +- 15.834670239989068,49985.0 +- 0.0,50000.0 +- 0.0,16156.966666666667 +- 70.8560869472148
problem_mknap7,0.5,0.3,0,1,261.8 +- 19.75958955318518,49985.0 +- 0.0,50000.0 +- 0.0,15621.0 +- 641.9822749728456
problem_mknap7,0.5,0.3,1,0,355.93333333333334 +- 21.88832681076177,49985.0 +- 0.0,50000.0 +- 0.0,16177.8 +- 54.84297333421968
problem_mknap7,0.5,0.3,1,1,288.8666666666667 +- 22.684847340252805,49985.0 +- 0.0,50000.0 +- 0.0,15605.8 +- 746.3474923320537
problem_mknap8,0.9,0.01,0,0,365.4 +- 20.800530497213703,49985.0 +- 0.0,50000.0 +- 0.0,22973.2 +- 373.5344142387548
problem_mknap8,0.9,0.01,0,1,302.4 +- 18.172734407954927,49985.0 +- 0.0,50000.0 +- 0.0,22816.333333333332 +- 401.05613446063353
problem_mknap8,0.9,0.01,1,0,449.8 +- 22.918747032009435,49985.0 +- 0.0,50000.0 +- 0.0,23005.5 +- 451.7111336638295
problem_mknap8,0.9,0.01,1,1,387.53333333333336 +- 22.742536984816514,49985.0 +- 0.0,50000.0 +- 0.0,22921.466666666667 +- 338.89574567524687
problem_mknap8,0.9,0.1,0,0,387.3666666666667 +- 15.608316380375083,49985.0 +- 0.0,50000.0 +- 0.0,22404.5 +- 250.49396028234102
problem_mknap8,0.9,0.1,0,1,302.76666666666665 +- 19.452299453354826,49985.0 +- 0.0,50000.0 +- 0.0,22816.333333333332 +- 401.05613446063353
problem_mknap8,0.9,0.1,1,0,451.26666666666665 +- 20.26196255146035,49985.0 +- 0.0,50000.0 +- 0.0,22386.733333333334 +- 322.20992657211724
problem_mknap8,0.9,0.1,1,1,378.06666666666666 +- 17.905755833084037,49985.0 +- 0.0,50000.0 +- 0.0,22921.466666666667 +- 338.89574567524687
problem_mknap8,0.9,0.3,0,0,414.3666666666667 +- 27.697234186994116,49985.0 +- 0.0,50000.0 +- 0.0,18634.566666666666 +- 608.5527026922343
problem_mknap8,0.9,0.3,0,1,294.8666666666667 +- 17.725363345983247,49985.0 +- 0.0,50000.0 +- 0.0,22816.333333333332 +- 401.05613446063353
problem_mknap8,0.9,0.3,1,0,485.8 +- 22.40597211028561,49985.0 +- 0.0,50000.0 +- 0.0,18990.733333333334 +- 570.175649483883
problem_mknap8,0.9,0.3,1,1,375.8333333333333 +- 26.504499726407335,49985.0 +- 0.0,50000.0 +- 0.0,22921.466666666667 +- 338.89574567524687
problem_mknap8,0.75,0.01,0,0,356.0 +- 19.388941035620242,49985.0 +- 0.0,50000.0 +- 0.0,22940.266666666666 +- 343.16347098153085
problem_mknap8,0.75,0.01,0,1,294.3666666666667 +- 23.97194241167173,49985.0 +- 0.0,50000.0 +- 0.0,23044.8 +- 315.23383767259674
problem_mknap8,0.75,0.01,1,0,417.8 +- 27.41180213980329,49985.0 +- 0.0,50000.0 +- 0.0,22864.866666666665 +- 448.11226528499594
problem_mknap8,0.75,0.01,1,1,358.03333333333336 +- 24.982039525438566,49985.0 +- 0.0,50000.0 +- 0.0,22964.466666666667 +- 411.96566088343627
problem_mknap8,0.75,0.1,0,0,386.4 +- 19.489342799556397,49985.0 +- 0.0,50000.0 +- 0.0,22262.7 +- 309.44690926744187
problem_mknap8,0.75,0.1,0,1,313.6333333333333 +- 32.731386743627574,49985.0 +- 0.0,50000.0 +- 0.0,23044.8 +- 315.23383767259674
problem_mknap8,0.75,0.1,1,0,444.03333333333336 +- 24.266456674599812,49985.0 +- 0.0,50000.0 +- 0.0,22528.0 +- 252.82077609956468
problem_mknap8,0.75,0.1,1,1,366.3 +- 25.853899859228868,49985.0 +- 0.0,50000.0 +- 0.0,22964.466666666667 +- 411.96566088343627
problem_mknap8,0.75,0.3,0,0,413.5 +- 24.992067707091827,49985.0 +- 0.0,50000.0 +- 0.0,18483.2 +- 911.8697880425842
problem_mknap8,0.75,0.3,0,1,300.76666666666665 +- 18.371047936872042,49985.0 +- 0.0,50000.0 +- 0.0,23044.8 +- 315.23383767259674
problem_mknap8,0.75,0.3,1,0,468.3333333333333 +- 24.59791599433513,49985.0 +- 0.0,50000.0 +- 0.0,18770.7 +- 791.6398584692673
problem_mknap8,0.75,0.3,1,1,367.26666666666665 +- 19.748301250964616,49985.0 +- 0.0,50000.0 +- 0.0,22964.466666666667 +- 411.96566088343627
problem_mknap8,0.5,0.01,0,0,351.6 +- 19.094321235599754,49985.0 +- 0.0,50000.0 +- 0.0,23048.0 +- 375.87809836113917
problem_mknap8,0.5,0.01,0,1,296.6 +- 24.28224837627061,49985.0 +- 0.0,50000.0 +- 0.0,23032.4 +- 333.73565835129517
problem_mknap8,0.5,0.01,1,0,400.03333333333336 +- 33.01669727350958,49985.0 +- 0.0,50000.0 +- 0.0,22893.933333333334 +- 498.84417671621475
problem_mknap8,0.5,0.01,1,1,341.6333333333333 +- 28.77796491011511,49985.0 +- 0.0,50000.0 +- 0.0,22851.566666666666 +- 391.4462735261012
problem_mknap8,0.5,0.1,0,0,389.43333333333334 +- 23.312987845809264,49985.0 +- 0.0,50000.0 +- 0.0,22340.8 +- 289.6412049177515
problem_mknap8,0.5,0.1,0,1,304.2 +- 32.82072515956952,49985.0 +- 0.0,50000.0 +- 0.0,23032.4 +- 333.73565835129517
problem_mknap8,0.5,0.1,1,0,419.23333333333335 +- 22.926694775595834,49985.0 +- 0.0,50000.0 +- 0.0,22336.6 +- 287.0180337960281
problem_mknap8,0.5,0.1,1,1,337.6 +- 23.90007935349689,49985.0 +- 0.0,50000.0 +- 0.0,22851.566666666666 +- 391.4462735261012
problem_mknap8,0.5,0.3,0,0,400.53333333333336 +- 17.738975854536136,49985.0 +- 0.0,50000.0 +- 0.0,18020.9 +- 3535.5977336912583
problem_mknap8,0.5,0.3,0,1,297.9 +- 24.4333717520201,49985.0 +- 0.0,50000.0 +- 0.0,23032.4 +- 333.73565835129517
problem_mknap8,0.5,0.3,1,0,445.26666666666665 +- 24.22869961548641,49985.0 +- 0.0,50000.0 +- 0.0,18785.633333333335 +- 647.2337681044713
problem_mknap8,0.5,0.3,1,1,341.26666666666665 +- 23.05455798054174,49985.0 +- 0.0,50000.0 +- 0.0,22851.566666666666 +- 391.4462735261012
problem_mknap9,0.9,0.01,0,0,361.53333333333336 +- 31.704164126948776,49985.0 +- 0.0,50000.0 +- 0.0,22851.0 +- 307.4076255981007
problem_mknap9,0.9,0.01,0,1,300.43333333333334 +- 23.611340544298848,49985.0 +- 0.0,50000.0 +- 0.0,23037.266666666666 +- 303.69096512548833
problem_mknap9,0.9,0.01,1,0,441.23333333333335 +- 22.16036121536385,49985.0 +- 0.0,50000.0 +- 0.0,22926.733333333334 +- 346.0642688301113
problem_mknap9,0.9,0.01,1,1,383.7 +- 22.92890060074012,49985.0 +- 0.0,50000.0 +- 0.0,22891.466666666667 +- 435.12683314125803
problem_mknap9,0.9,0.1,0,0,388.8 +- 22.658483986174453,49985.0 +- 0.0,50000.0 +- 0.0,22192.666666666668 +- 270.4646491443597
problem_mknap9,0.9,0.1,0,1,298.43333333333334 +- 22.646737350966877,49985.0 +- 0.0,50000.0 +- 0.0,23037.266666666666 +- 303.69096512548833
problem_mknap9,0.9,0.1,1,0,450.7 +- 22.017469552999074,49985.0 +- 0.0,50000.0 +- 0.0,22291.066666666666 +- 271.91161511929135
problem_mknap9,0.9,0.1,1,1,387.8333333333333 +- 23.81115840037641,49985.0 +- 0.0,50000.0 +- 0.0,22891.466666666667 +- 435.12683314125803
problem_mknap9,0.9,0.3,0,0,420.56666666666666 +- 27.197468611078033,49985.0 +- 0.0,50000.0 +- 0.0,18495.633333333335 +- 660.8140477828287
problem_mknap9,0.9,0.3,0,1,303.23333333333335 +- 23.17799689856492,49985.0 +- 0.0,50000.0 +- 0.0,23037.266666666666 +- 303.69096512548833
problem_mknap9,0.9,0.3,1,0,488.1333333333333 +- 29.057295758236165,49985.0 +- 0.0,50000.0 +- 0.0,18532.7 +- 651.9976279838382
problem_mknap9,0.9,0.3,1,1,382.6666666666667 +- 30.387535254616733,49985.0 +- 0.0,50000.0 +- 0.0,22891.466666666667 +- 435.12683314125803
problem_mknap9,0.75,0.01,0,0,376.3 +- 27.17269166670452,49985.0 +- 0.0,50000.0 +- 0.0,22809.966666666667 +- 478.9435560533803
problem_mknap9,0.75,0.01,0,1,297.23333333333335 +- 22.57505998515471,49985.0 +- 0.0,50000.0 +- 0.0,23056.333333333332 +- 410.4358770811858
problem_mknap9,0.75,0.01,1,0,436.7 +- 24.868134991008763,49985.0 +- 0.0,50000.0 +- 0.0,22757.066666666666 +- 426.8527916590525
problem_mknap9,0.75,0.01,1,1,372.03333333333336 +- 26.326181190821316,49985.0 +- 0.0,50000.0 +- 0.0,22870.7 +- 346.77033540549775
problem_mknap9,0.75,0.1,0,0,384.53333333333336 +- 18.548600343762967,49985.0 +- 0.0,50000.0 +- 0.0,22120.5 +- 317.00046230794095
problem_mknap9,0.75,0.1,0,1,303.8333333333333 +- 24.873588448369297,49985.0 +- 0.0,50000.0 +- 0.0,23056.333333333332 +- 410.4358770811858
problem_mknap9,0.75,0.1,1,0,419.56666666666666 +- 42.615104440054836,49985.0 +- 0.0,50000.0 +- 0.0,22233.333333333332 +- 303.9703176676771
problem_mknap9,0.75,0.1,1,1,361.46666666666664 +- 26.019532892694727,49985.0 +- 0.0,50000.0 +- 0.0,22870.7 +- 346.77033540549775
problem_mknap9,0.75,0.3,0,0,408.8333333333333 +- 32.737285853556514,49985.0 +- 0.0,50000.0 +- 0.0,18471.1 +- 728.9196233065613
problem_mknap9,0.75,0.3,0,1,306.1 +- 24.919664026074145,49985.0 +- 0.0,50000.0 +- 0.0,23056.333333333332 +- 410.4358770811858
problem_mknap9,0.75,0.3,1,0,474.3 +- 31.628391872079003,49985.0 +- 0.0,50000.0 +- 0.0,18521.033333333333 +- 647.9970457219445
problem_mknap9,0.75,0.3,1,1,364.56666666666666 +- 23.551386712717235,49985.0 +- 0.0,50000.0 +- 0.0,22870.7 +- 346.77033540549775
problem_mknap9,0.5,0.01,0,0,361.6333333333333 +- 27.263064989903068,49985.0 +- 0.0,50000.0 +- 0.0,22940.566666666666 +- 392.2997343985787
problem_mknap9,0.5,0.01,0,1,298.6 +- 27.275857709577227,49985.0 +- 0.0,50000.0 +- 0.0,22973.133333333335 +- 543.0128425059916
problem_mknap9,0.5,0.01,1,0,402.1666666666667 +- 26.499295154365164,49985.0 +- 0.0,50000.0 +- 0.0,22962.9 +- 366.82894162510286
problem_mknap9,0.5,0.01,1,1,342.7 +- 24.696991300770723,49985.0 +- 0.0,50000.0 +- 0.0,22909.366666666665 +- 447.6570025745414
problem_mknap9,0.5,0.1,0,0,375.53333333333336 +- 21.804354726922586,49985.0 +- 0.0,50000.0 +- 0.0,22129.466666666667 +- 253.2201894948665
problem_mknap9,0.5,0.1,0,1,305.6333333333333 +- 25.147130272051726,49985.0 +- 0.0,50000.0 +- 0.0,22973.133333333335 +- 543.0128425059916
problem_mknap9,0.5,0.1,1,0,421.46666666666664 +- 28.056265307209113,49985.0 +- 0.0,50000.0 +- 0.0,22207.033333333333 +- 307.05087563771104
problem_mknap9,0.5,0.1,1,1,347.1333333333333 +- 28.085747193234845,49985.0 +- 0.0,50000.0 +- 0.0,22909.366666666665 +- 447.6570025745414
problem_mknap9,0.5,0.3,0,0,418.76666666666665 +- 25.167964494205904,49985.0 +- 0.0,50000.0 +- 0.0,18252.066666666666 +- 1184.2698298466687
problem_mknap9,0.5,0.3,0,1,292.43333333333334 +- 17.833875810848905,49985.0 +- 0.0,50000.0 +- 0.0,22973.133333333335 +- 543.0128425059916
problem_mknap9,0.5,0.3,1,0,452.06666666666666 +- 22.927070783522336,49985.0 +- 0.0,50000.0 +- 0.0,18534.333333333332 +- 721.7658581721557
problem_mknap9,0.5,0.3,1,1,346.1666666666667 +- 31.923489712158638,49985.0 +- 0.0,50000.0 +- 0.0,22909.366666666665 +- 447.6570025745414
problem_mknap10,0.9,0.01,0,0,367.5 +- 26.32260075191712,49985.0 +- 0.0,50000.0 +- 0.0,22371.266666666666 +- 413.95409818275607
problem_mknap10,0.9,0.01,0,1,308.0 +- 35.47024007579428,49985.0 +- 0.0,50000.0 +- 0.0,22433.833333333332 +- 333.058044369957
problem_mknap10,0.9,0.01,1,0,433.3 +- 34.7842116384768,49985.0 +- 0.0,50000.0 +- 0.0,22321.333333333332 +- 372.78211564817104
problem_mknap10,0.9,0.01,1,1,383.6 +- 29.3452692539395,49985.0 +- 0.0,50000.0 +- 0.0,22413.966666666667 +- 388.4578247496057
problem_mknap10,0.9,0.1,0,0,384.2 +- 22.87507301665377,49985.0 +- 0.0,50000.0 +- 0.0,21572.433333333334 +- 352.479853504334
problem_mknap10,0.9,0.1,0,1,305.73333333333335 +- 33.4539656257962,49985.0 +- 0.0,50000.0 +- 0.0,22433.833333333332 +- 333.058044369957
problem_mknap10,0.9,0.1,1,0,462.73333333333335 +- 22.786767686734233,49985.0 +- 0.0,50000.0 +- 0.0,21667.166666666668 +- 289.8638304961229
problem_mknap10,0.9,0.1,1,1,390.5 +- 18.71151222256428,49985.0 +- 0.0,50000.0 +- 0.0,22413.966666666667 +- 388.4578247496057
problem_mknap10,0.9,0.3,0,0,415.6666666666667 +- 25.437324373140505,49985.0 +- 0.0,50000.0 +- 0.0,17593.966666666667 +- 539.2282789149779
problem_mknap10,0.9,0.3,0,1,294.3333333333333 +- 21.920441307748273,49985.0 +- 0.0,50000.0 +- 0.0,22433.833333333332 +- 333.058044369957
problem_mknap10,0.9,0.3,1,0,482.3333333333333 +- 29.910594747696333,49985.0 +- 0.0,50000.0 +- 0.0,17688.166666666668 +- 563.0044455838039
problem_mknap10,0.9,0.3,1,1,397.26666666666665 +- 34.983674353394726,49985.0 +- 0.0,50000.0 +- 0.0,22413.966666666667 +- 388.4578247496057
problem_mknap10,0.75,0.01,0,0,359.8666666666667 +- 27.855208555639297,49985.0 +- 0.0,50000.0 +- 0.0,22419.066666666666 +- 461.7929774509228
problem_mknap10,0.75,0.01,0,1,313.8333333333333 +- 24.97320403032478,49985.0 +- 0.0,50000.0 +- 0.0,22562.266666666666 +- 343.0913152131844
problem_mknap10,0.75,0.01,1,0,431.3 +- 23.854660500334248,49985.0 +- 0.0,50000.0 +- 0.0,22236.666666666668 +- 462.3881287502907
problem_mknap10,0.75,0.01,1,1,362.8 +- 21.330567349423124,49985.0 +- 0.0,50000.0 +- 0.0,22271.9 +- 407.6409297239507
problem_mknap10,0.75,0.1,0,0,376.5 +- 21.83282880877106,49985.0 +- 0.0,50000.0 +- 0.0,21581.866666666665 +- 285.02918584174705
problem_mknap10,0.75,0.1,0,1,301.8333333333333 +- 34.8297171306673,49985.0 +- 0.0,50000.0 +- 0.0,22562.266666666666 +- 343.0913152131844
problem_mknap10,0.75,0.1,1,0,442.1 +- 23.96167917666701,49985.0 +- 0.0,50000.0 +- 0.0,21613.566666666666 +- 296.4517386242377
problem_mknap10,0.75,0.1,1,1,370.8 +- 29.582613719594804,49985.0 +- 0.0,50000.0 +- 0.0,22271.9 +- 407.6409297239507
problem_mknap10,0.75,0.3,0,0,414.03333333333336 +- 32.707147097604945,49985.0 +- 0.0,50000.0 +- 0.0,17795.833333333332 +- 732.2203871801843
problem_mknap10,0.75,0.3,0,1,295.03333333333336 +- 22.169384501952287,49985.0 +- 0.0,50000.0 +- 0.0,22562.266666666666 +- 343.0913152131844
problem_mknap10,0.75,0.3,1,0,469.6666666666667 +- 21.336924985013468,49985.0 +- 0.0,50000.0 +- 0.0,16804.2 +- 3250.152669093221
problem_mknap10,0.75,0.3,1,1,367.5 +- 30.091527046662154,49985.0 +- 0.0,50000.0 +- 0.0,22271.9 +- 407.6409297239507
problem_mknap10,0.5,0.01,0,0,353.8333333333333 +- 19.650538877112748,49985.0 +- 0.0,50000.0 +- 0.0,22295.2 +- 495.57799066099193
problem_mknap10,0.5,0.01,0,1,308.73333333333335 +- 30.115791863077916,49985.0 +- 0.0,50000.0 +- 0.0,22382.866666666665 +- 447.65802321317375
problem_mknap10,0.5,0.01,1,0,403.73333333333335 +- 33.30210031000254,49985.0 +- 0.0,50000.0 +- 0.0,22290.033333333333 +- 379.7561362091543
problem_mknap10,0.5,0.01,1,1,342.7 +- 18.33246601919195,49985.0 +- 0.0,50000.0 +- 0.0,22285.933333333334 +- 386.73308387170545
problem_mknap10,0.5,0.1,0,0,387.6666666666667 +- 26.103683626081867,49985.0 +- 0.0,50000.0 +- 0.0,21496.3 +- 300.2128153206632
problem_mknap10,0.5,0.1,0,1,304.46666666666664 +- 21.68224020321436,49985.0 +- 0.0,50000.0 +- 0.0,22382.866666666665 +- 447.65802321317375
problem_mknap10,0.5,0.1,1,0,429.56666666666666 +- 27.956472735595455,49985.0 +- 0.0,50000.0 +- 0.0,21516.966666666667 +- 288.81738453423367
problem_mknap10,0.5,0.1,1,1,335.3333333333333 +- 27.912836415914622,49985.0 +- 0.0,50000.0 +- 0.0,22285.933333333334 +- 386.73308387170545
problem_mknap10,0.5,0.3,0,0,410.2 +- 37.35514551640408,49985.0 +- 0.0,50000.0 +- 0.0,17390.433333333334 +- 661.4195644444493
problem_mknap10,0.5,0.3,0,1,298.1666666666667 +- 35.52277883403766,49985.0 +- 0.0,50000.0 +- 0.0,22382.866666666665 +- 447.65802321317375
problem_mknap10,0.5,0.3,1,0,445.23333333333335 +- 21.496885633831308,49985.0 +- 0.0,50000.0 +- 0.0,17298.766666666666 +- 904.0285578085093
problem_mknap10,0.5,0.3,1,1,334.43333333333334 +- 18.913019294934763,49985.0 +- 0.0,50000.0 +- 0.0,22285.933333333334 +- 386.73308387170545
problem_mknap11,0.9,0.01,0,0,372.4 +- 27.10592249827994,49985.0 +- 0.0,50000.0 +- 0.0,22303.4 +- 319.2751056744767
problem_mknap11,0.9,0.01,0,1,305.2 +- 23.412934827598594,49985.0 +- 0.0,50000.0 +- 0.0,22565.766666666666 +- 243.89931265307754
problem_mknap11,0.9,0.01,1,0,443.2 +- 29.118544867015828,49985.0 +- 0.0,50000.0 +- 0.0,22311.333333333332 +- 342.0146531780557
problem_mknap11,0.9,0.01,1,1,390.1333333333333 +- 30.95016387158816,49985.0 +- 0.0,50000.0 +- 0.0,22441.833333333332 +- 276.22206001111067
problem_mknap11,0.9,0.1,0,0,374.93333333333334 +- 20.299368655603356,49985.0 +- 0.0,50000.0 +- 0.0,21711.366666666665 +- 255.58634189040606
problem_mknap11,0.9,0.1,0,1,299.6 +- 23.641868179872816,49985.0 +- 0.0,50000.0 +- 0.0,22565.766666666666 +- 243.89931265307754
problem_mknap11,0.9,0.1,1,0,458.03333333333336 +- 20.83181143866495,49985.0 +- 0.0,50000.0 +- 0.0,21808.433333333334 +- 250.93050052146717
problem_mknap11,0.9,0.1,1,1,389.4 +- 28.884550219439294,49985.0 +- 0.0,50000.0 +- 0.0,22441.833333333332 +- 276.22206001111067
problem_mknap11,0.9,0.3,0,0,411.03333333333336 +- 29.54655395430595,49985.0 +- 0.0,50000.0 +- 0.0,18627.6 +- 500.3272446350867
problem_mknap11,0.9,0.3,0,1,296.1333333333333 +- 24.78560946964204,49985.0 +- 0.0,50000.0 +- 0.0,22565.766666666666 +- 243.89931265307754
problem_mknap11,0.9,0.3,1,0,479.7 +- 28.884012998483293,49985.0 +- 0.0,50000.0 +- 0.0,18480.9 +- 774.1267538552602
problem_mknap11,0.9,0.3,1,1,379.96666666666664 +- 28.166357204312373,49985.0 +- 0.0,50000.0 +- 0.0,22441.833333333332 +- 276.22206001111067
problem_mknap11,0.75,0.01,0,0,357.9 +- 20.556650069234664,49985.0 +- 0.0,50000.0 +- 0.0,22254.733333333334 +- 237.0861815274445
problem_mknap11,0.75,0.01,0,1,304.76666666666665 +- 23.124376350708257,49985.0 +- 0.0,50000.0 +- 0.0,22482.733333333334 +- 412.3892481067165
problem_mknap11,0.75,0.01,1,0,423.26666666666665 +- 22.19029507244775,49985.0 +- 0.0,50000.0 +- 0.0,22214.333333333332 +- 527.8997640836187
problem_mknap11,0.75,0.01,1,1,369.43333333333334 +- 30.385662832117493,49985.0 +- 0.0,50000.0 +- 0.0,22450.366666666665 +- 315.55572034694313
problem_mknap11,0.75,0.1,0,0,376.43333333333334 +- 28.560502426438067,49985.0 +- 0.0,50000.0 +- 0.0,21755.433333333334 +- 203.94314341778303
problem_mknap11,0.75,0.1,0,1,300.3 +- 26.212855493124902,49985.0 +- 0.0,50000.0 +- 0.0,22482.733333333334 +- 412.3892481067165
problem_mknap11,0.75,0.1,1,0,446.06666666666666 +- 35.370875739437274,49985.0 +- 0.0,50000.0 +- 0.0,21808.266666666666 +- 248.25375412424606
problem_mknap11,0.75,0.1,1,1,364.8666666666667 +- 18.785051528264173,49985.0 +- 0.0,50000.0 +- 0.0,22450.366666666665 +- 315.55572034694313
problem_mknap11,0.75,0.3,0,0,412.93333333333334 +- 26.627615083921263,49985.0 +- 0.0,50000.0 +- 0.0,18351.033333333333 +- 925.7309314651123
problem_mknap11,0.75,0.3,0,1,300.96666666666664 +- 25.482222786894386,49985.0 +- 0.0,50000.0 +- 0.0,22482.733333333334 +- 412.3892481067165
problem_mknap11,0.75,0.3,1,0,467.1333333333333 +- 25.97576235426128,49985.0 +- 0.0,50000.0 +- 0.0,18593.4 +- 583.6208972647722
problem_mknap11,0.75,0.3,1,1,362.2 +- 20.284867809994857,49985.0 +- 0.0,50000.0 +- 0.0,22450.366666666665 +- 315.55572034694313
problem_mknap11,0.5,0.01,0,0,358.73333333333335 +- 24.038666170658633,49985.0 +- 0.0,50000.0 +- 0.0,22239.966666666667 +- 443.86076438554414
problem_mknap11,0.5,0.01,0,1,295.3666666666667 +- 20.78872926293996,49985.0 +- 0.0,50000.0 +- 0.0,22410.433333333334 +- 356.4667304041956
problem_mknap11,0.5,0.01,1,0,406.23333333333335 +- 21.329408762572847,49985.0 +- 0.0,50000.0 +- 0.0,22223.1 +- 373.6128689727764
problem_mknap11,0.5,0.01,1,1,344.46666666666664 +- 28.74349501621413,49985.0 +- 0.0,50000.0 +- 0.0,22432.666666666668 +- 320.2263567232246
problem_mknap11,0.5,0.1,0,0,369.26666666666665 +- 34.85332154886397,49985.0 +- 0.0,50000.0 +- 0.0,21737.233333333334 +- 281.3921895998823
problem_mknap11,0.5,0.1,0,1,290.5 +- 23.710538905145405,49985.0 +- 0.0,50000.0 +- 0.0,22410.433333333334 +- 356.4667304041956
problem_mknap11,0.5,0.1,1,0,411.8 +- 22.729898280944173,49985.0 +- 0.0,50000.0 +- 0.0,21728.333333333332 +- 301.3600588290878
problem_mknap11,0.5,0.1,1,1,345.6333333333333 +- 28.06456021800244,49985.0 +- 0.0,50000.0 +- 0.0,22432.666666666668 +- 320.2263567232246
problem_mknap11,0.5,0.3,0,0,405.96666666666664 +- 23.63440410654063,49985.0 +- 0.0,50000.0 +- 0.0,18548.166666666668 +- 690.8989687772527
problem_mknap11,0.5,0.3,0,1,290.2 +- 19.307672228846016,49985.0 +- 0.0,50000.0 +- 0.0,22410.433333333334 +- 356.4667304041956
problem_mknap11,0.5,0.3,1,0,447.0 +- 27.53179979587241,49985.0 +- 0.0,50000.0 +- 0.0,18494.466666666667 +- 744.9147941709258
problem_mknap11,0.5,0.3,1,1,331.1333333333333 +- 23.937754530323495,49985.0 +- 0.0,50000.0 +- 0.0,22432.666666666668 +- 320.2263567232246
problem_mknap12,0.9,0.01,0,0,360.56666666666666 +- 24.26531984389319,49985.0 +- 0.0,50000.0 +- 0.0,22776.1 +- 286.2544503493833
problem_mknap12,0.9,0.01,0,1,300.26666666666665 +- 27.363370095595055,49985.0 +- 0.0,50000.0 +- 0.0,22642.3 +- 367.19779035470697
problem_mknap12,0.9,0.01,1,0,436.1666666666667 +- 26.165367124915512,49985.0 +- 0.0,50000.0 +- 0.0,22891.8 +- 309.0910366955296
problem_mknap12,0.9,0.01,1,1,382.8666666666667 +- 23.644979540512704,49985.0 +- 0.0,50000.0 +- 0.0,22773.333333333332 +- 434.57671306712916
problem_mknap12,0.9,0.1,0,0,377.8666666666667 +- 22.576663773162693,49985.0 +- 0.0,50000.0 +- 0.0,22000.366666666665 +- 330.7239168784173
problem_mknap12,0.9,0.1,0,1,296.53333333333336 +- 18.737263873662677,49985.0 +- 0.0,50000.0 +- 0.0,22642.3 +- 367.19779035470697
problem_mknap12,0.9,0.1,1,0,461.6666666666667 +- 22.317973788473463,49985.0 +- 0.0,50000.0 +- 0.0,22199.433333333334 +- 292.4478949562944
problem_mknap12,0.9,0.1,1,1,366.8 +- 18.11914590359772,49985.0 +- 0.0,50000.0 +- 0.0,22773.333333333332 +- 434.57671306712916
problem_mknap12,0.9,0.3,0,0,420.03333333333336 +- 30.986630413257522,49985.0 +- 0.0,50000.0 +- 0.0,18333.333333333332 +- 644.037605098964
problem_mknap12,0.9,0.3,0,1,302.0 +- 27.44649968261137,49985.0 +- 0.0,50000.0 +- 0.0,22642.3 +- 367.19779035470697
problem_mknap12,0.9,0.3,1,0,483.9 +- 28.916467089973448,49985.0 +- 0.0,50000.0 +- 0.0,18619.0 +- 560.8905480542097
problem_mknap12,0.9,0.3,1,1,376.6666666666667 +- 26.529532448839408,49985.0 +- 0.0,50000.0 +- 0.0,22773.333333333332 +- 434.57671306712916
problem_mknap12,0.75,0.01,0,0,362.56666666666666 +- 27.67631046435815,49985.0 +- 0.0,50000.0 +- 0.0,22705.233333333334 +- 472.30948966010465
problem_mknap12,0.75,0.01,0,1,306.7 +- 27.39890508761253,49985.0 +- 0.0,50000.0 +- 0.0,22608.733333333334 +- 336.5984954310355
problem_mknap12,0.75,0.01,1,0,421.5 +- 35.62133223708551,49985.0 +- 0.0,50000.0 +- 0.0,22694.9 +- 379.15080704484683
problem_mknap12,0.75,0.01,1,1,376.1333333333333 +- 26.7075261681607,49985.0 +- 0.0,50000.0 +- 0.0,22681.933333333334 +- 444.0701974123968
problem_mknap12,0.75,0.1,0,0,379.6666666666667 +- 33.6506733378688,49985.0 +- 0.0,50000.0 +- 0.0,22060.933333333334 +- 281.5916502158123
problem_mknap12,0.75,0.1,0,1,298.93333333333334 +- 29.272716888307244,49985.0 +- 0.0,50000.0 +- 0.0,22608.733333333334 +- 336.5984954310355
problem_mknap12,0.75,0.1,1,0,448.03333333333336 +- 31.167493381376712,49985.0 +- 0.0,50000.0 +- 0.0,22118.066666666666 +- 233.9481129229939
problem_mknap12,0.75,0.1,1,1,367.23333333333335 +- 22.287592548527876,49985.0 +- 0.0,50000.0 +- 0.0,22681.933333333334 +- 444.0701974123968
problem_mknap12,0.75,0.3,0,0,409.8666666666667 +- 34.24025996248934,49985.0 +- 0.0,50000.0 +- 0.0,18636.333333333332 +- 685.7545219448546
problem_mknap12,0.75,0.3,0,1,293.1666666666667 +- 28.038253835802973,49985.0 +- 0.0,50000.0 +- 0.0,22608.733333333334 +- 336.5984954310355
problem_mknap12,0.75,0.3,1,0,466.23333333333335 +- 24.881350630450154,49985.0 +- 0.0,50000.0 +- 0.0,18257.533333333333 +- 683.7473688196659
problem_mknap12,0.75,0.3,1,1,366.3666666666667 +- 27.193411135703485,49985.0 +- 0.0,50000.0 +- 0.0,22681.933333333334 +- 444.0701974123968
problem_mknap12,0.5,0.01,0,0,378.3 +- 25.234281553419372,49985.0 +- 0.0,50000.0 +- 0.0,22872.466666666667 +- 374.15907859085024
problem_mknap12,0.5,0.01,0,1,299.9 +- 36.36439144984062,49985.0 +- 0.0,50000.0 +- 0.0,22887.366666666665 +- 367.5312309819758
problem_mknap12,0.5,0.01,1,0,407.73333333333335 +- 26.994167100899123,49985.0 +- 0.0,50000.0 +- 0.0,22744.466666666667 +- 326.1277233754024
problem_mknap12,0.5,0.01,1,1,347.1 +- 33.538809223613335,49985.0 +- 0.0,50000.0 +- 0.0,22600.433333333334 +- 377.4776251266615
problem_mknap12,0.5,0.1,0,0,369.5 +- 34.74513113993145,49985.0 +- 0.0,50000.0 +- 0.0,22041.0 +- 284.42040277947956
problem_mknap12,0.5,0.1,0,1,307.6 +- 35.53492696605354,49985.0 +- 0.0,50000.0 +- 0.0,22887.366666666665 +- 367.5312309819758
problem_mknap12,0.5,0.1,1,0,397.43333333333334 +- 37.57262698894735,49985.0 +- 0.0,50000.0 +- 0.0,22139.566666666666 +- 294.3008879423882
problem_mknap12,0.5,0.1,1,1,334.9 +- 30.641812767118925,49985.0 +- 0.0,50000.0 +- 0.0,22600.433333333334 +- 377.4776251266615
problem_mknap12,0.5,0.3,0,0,407.6333333333333 +- 28.49498846843234,49985.0 +- 0.0,50000.0 +- 0.0,18049.8 +- 573.6801583965853
problem_mknap12,0.5,0.3,0,1,303.3333333333333 +- 23.251745701364435,49985.0 +- 0.0,50000.0 +- 0.0,22887.366666666665 +- 367.5312309819758
problem_mknap12,0.5,0.3,1,0,445.8 +- 26.387562378436208,49985.0 +- 0.0,50000.0 +- 0.0,18307.666666666668 +- 608.6892833606986
problem_mknap12,0.5,0.3,1,1,355.73333333333335 +- 28.099494820999936,49985.0 +- 0.0,50000.0 +- 0.0,22600.433333333334 +- 377.4776251266615
problem_mknap13,0.9,0.01,0,0,366.3666666666667 +- 24.468816655199063,49985.0 +- 0.0,50000.0 +- 0.0,23102.633333333335 +- 373.1582342868665
problem_mknap13,0.9,0.01,0,1,296.1666666666667 +- 27.091267626473215,49985.0 +- 0.0,50000.0 +- 0.0,23335.066666666666 +- 425.8868988061416
problem_mknap13,0.9,0.01,1,0,433.9 +- 22.986277765598356,49985.0 +- 0.0,50000.0 +- 0.0,23005.833333333332 +- 496.02482441585687
problem_mknap13,0.9,0.01,1,1,388.6 +- 38.302426320912964,49985.0 +- 0.0,50000.0 +- 0.0,23158.466666666667 +- 454.84076283929295
problem_mknap13,0.9,0.1,0,0,385.43333333333334 +- 37.699980182317425,49985.0 +- 0.0,50000.0 +- 0.0,22471.866666666665 +- 307.54609784364123
problem_mknap13,0.9,0.1,0,1,303.3 +- 21.249178483106036,49985.0 +- 0.0,50000.0 +- 0.0,23335.066666666666 +- 425.8868988061416
problem_mknap13,0.9,0.1,1,0,457.26666666666665 +- 23.610245194849618,49985.0 +- 0.0,50000.0 +- 0.0,22563.633333333335 +- 292.29041808746854
problem_mknap13,0.9,0.1,1,1,371.6333333333333 +- 21.18633803988386,49985.0 +- 0.0,50000.0 +- 0.0,23158.466666666667 +- 454.84076283929295
problem_mknap13,0.9,0.3,0,0,420.53333333333336 +- 28.90857566754953,49985.0 +- 0.0,50000.0 +- 0.0,18704.133333333335 +- 701.1756006796768
problem_mknap13,0.9,0.3,0,1,299.76666666666665 +- 16.435208911176726,49985.0 +- 0.0,50000.0 +- 0.0,23335.066666666666 +- 425.8868988061416
problem_mknap13,0.9,0.3,1,0,490.8333333333333 +- 22.764284387569948,49985.0 +- 0.0,50000.0 +- 0.0,18819.9 +- 768.3882975827189
problem_mknap13,0.9,0.3,1,1,391.7 +- 25.14804441564064,49985.0 +- 0.0,50000.0 +- 0.0,23158.466666666667 +- 454.84076283929295
problem_mknap13,0.75,0.01,0,0,369.7 +- 37.955645620681494,49985.0 +- 0.0,50000.0 +- 0.0,23061.133333333335 +- 473.61629554133674
problem_mknap13,0.75,0.01,0,1,286.3 +- 36.71807785518341,49985.0 +- 0.0,50000.0 +- 0.0,23124.166666666668 +- 435.6782333196206
problem_mknap13,0.75,0.01,1,0,402.26666666666665 +- 19.687092451537943,49985.0 +- 0.0,50000.0 +- 0.0,23083.933333333334 +- 373.6678345465564
problem_mknap13,0.75,0.01,1,1,336.46666666666664 +- 19.581365760780614,49985.0 +- 0.0,50000.0 +- 0.0,23188.933333333334 +- 399.86488522597426
problem_mknap13,0.75,0.1,0,0,354.93333333333334 +- 21.529343781875028,49985.0 +- 0.0,50000.0 +- 0.0,22436.966666666667 +- 271.1502298107763
problem_mknap13,0.75,0.1,0,1,275.4 +- 23.235822522042596,49985.0 +- 0.0,50000.0 +- 0.0,23124.166666666668 +- 435.6782333196206
problem_mknap13,0.75,0.1,1,0,439.5 +- 19.013153341831543,49985.0 +- 0.0,50000.0 +- 0.0,22551.766666666666 +- 332.56772018003664
problem_mknap13,0.75,0.1,1,1,365.5 +- 24.622319563551585,49985.0 +- 0.0,50000.0 +- 0.0,23188.933333333334 +- 399.86488522597426
problem_mknap13,0.75,0.3,0,0,409.56666666666666 +- 28.66174108980211,49985.0 +- 0.0,50000.0 +- 0.0,18607.766666666666 +- 675.1012533678563
problem_mknap13,0.75,0.3,0,1,306.8666666666667 +- 26.06719874813388,49985.0 +- 0.0,50000.0 +- 0.0,23124.166666666668 +- 435.6782333196206
problem_mknap13,0.75,0.3,1,0,468.76666666666665 +- 43.553125176543624,49985.0 +- 0.0,50000.0 +- 0.0,18890.3 +- 682.9523207470585
problem_mknap13,0.75,0.3,1,1,356.46666666666664 +- 34.456102340597766,49985.0 +- 0.0,50000.0 +- 0.0,23188.933333333334 +- 399.86488522597426
problem_mknap13,0.5,0.01,0,0,346.43333333333334 +- 31.297993031759912,49985.0 +- 0.0,50000.0 +- 0.0,23099.0 +- 480.4795018771747
problem_mknap13,0.5,0.01,0,1,297.0 +- 24.141822346436413,49985.0 +- 0.0,50000.0 +- 0.0,23283.9 +- 437.45922765678284
problem_mknap13,0.5,0.01,1,0,390.56666666666666 +- 18.73901210610217,49985.0 +- 0.0,50000.0 +- 0.0,23117.933333333334 +- 411.1487635237718
problem_mknap13,0.5,0.01,1,1,353.96666666666664 +- 26.925802691372322,49985.0 +- 0.0,50000.0 +- 0.0,23150.433333333334 +- 398.74740801953664
problem_mknap13,0.5,0.1,0,0,381.73333333333335 +- 25.40015385961184,49985.0 +- 0.0,50000.0 +- 0.0,22381.133333333335 +- 281.7926277557155
problem_mknap13,0.5,0.1,0,1,301.6666666666667 +- 25.332728365432363,49985.0 +- 0.0,50000.0 +- 0.0,23283.9 +- 437.45922765678284
problem_mknap13,0.5,0.1,1,0,422.93333333333334 +- 24.171703795301976,49985.0 +- 0.0,50000.0 +- 0.0,22422.966666666667 +- 311.3299041136304
problem_mknap13,0.5,0.1,1,1,347.3666666666667 +- 40.37367128876606,49985.0 +- 0.0,50000.0 +- 0.0,23150.433333333334 +- 398.74740801953664
problem_mknap13,0.5,0.3,0,0,405.46666666666664 +- 32.75481889614932,49985.0 +- 0.0,50000.0 +- 0.0,18704.1 +- 643.6492592752028
problem_mknap13,0.5,0.3,0,1,291.3666666666667 +- 36.524421054047295,49985.0 +- 0.0,50000.0 +- 0.0,23283.9 +- 437.45922765678284
problem_mknap13,0.5,0.3,1,0,411.96666666666664 +- 24.103917743278014,49985.0 +- 0.0,50000.0 +- 0.0,18823.8 +- 695.249466515189
problem_mknap13,0.5,0.3,1,1,322.23333333333335 +- 29.3359651379448,49985.0 +- 0.0,50000.0 +- 0.0,23150.433333333334 +- 398.74740801953664
problem_mknap14,0.9,0.01,0,0,328.53333333333336 +- 24.502967214173278,49985.0 +- 0.0,50000.0 +- 0.0,24225.333333333332 +- 309.48303204931415
problem_mknap14,0.9,0.01,0,1,272.2 +- 27.003703449712223,49985.0 +- 0.0,50000.0 +- 0.0,24068.2 +- 508.8675323866137
problem_mknap14,0.9,0.01,1,0,379.5 +- 19.272546133885854,49985.0 +- 0.0,50000.0 +- 0.0,24242.7 +- 341.13069090285916
problem_mknap14,0.9,0.01,1,1,333.8333333333333 +- 21.960910937285874,49985.0 +- 0.0,50000.0 +- 0.0,23927.433333333334 +- 412.37308880165307
problem_mknap14,0.9,0.1,0,0,362.96666666666664 +- 39.53565246827164,49985.0 +- 0.0,50000.0 +- 0.0,23380.533333333333 +- 323.01166129620356
problem_mknap14,0.9,0.1,0,1,305.0 +- 17.226683392041984,49985.0 +- 0.0,50000.0 +- 0.0,24068.2 +- 508.8675323866137
problem_mknap14,0.9,0.1,1,0,454.8333333333333 +- 25.354158107366402,49985.0 +- 0.0,50000.0 +- 0.0,23577.6 +- 280.196925824284
problem_mknap14,0.9,0.1,1,1,386.6333333333333 +- 21.1243989236394,49985.0 +- 0.0,50000.0 +- 0.0,23927.433333333334 +- 412.37308880165307
problem_mknap14,0.9,0.3,0,0,406.8333333333333 +- 32.450581348953634,49985.0 +- 0.0,50000.0 +- 0.0,19617.133333333335 +- 529.1293912113351
problem_mknap14,0.9,0.3,0,1,283.8 +- 37.811145957517475,49985.0 +- 0.0,50000.0 +- 0.0,24068.2 +- 508.8675323866137
problem_mknap14,0.9,0.3,1,0,489.56666666666666 +- 25.842604936133228,49985.0 +- 0.0,50000.0 +- 0.0,19338.466666666667 +- 644.8250087845717
problem_mknap14,0.9,0.3,1,1,392.93333333333334 +- 29.756405666022893,49985.0 +- 0.0,50000.0 +- 0.0,23927.433333333334 +- 412.37308880165307
problem_mknap14,0.75,0.01,0,0,378.8333333333333 +- 32.47288878044462,49985.0 +- 0.0,50000.0 +- 0.0,24022.466666666667 +- 350.22551683690637
problem_mknap14,0.75,0.01,0,1,311.43333333333334 +- 32.33198835927614,49985.0 +- 0.0,50000.0 +- 0.0,23859.866666666665 +- 461.891592993595
problem_mknap14,0.75,0.01,1,0,416.6666666666667 +- 25.362656954981905,49985.0 +- 0.0,50000.0 +- 0.0,24158.666666666668 +- 361.44340266953736
problem_mknap14,0.75,0.01,1,1,366.2 +- 26.48148344631096,49985.0 +- 0.0,50000.0 +- 0.0,23691.2 +- 447.52186615812997
problem_mknap14,0.75,0.1,0,0,391.8 +- 25.18264317424562,49985.0 +- 0.0,50000.0 +- 0.0,23387.5 +- 372.5607333039809
problem_mknap14,0.75,0.1,0,1,292.8333333333333 +- 42.80676979438982,49985.0 +- 0.0,50000.0 +- 0.0,23859.866666666665 +- 461.891592993595
problem_mknap14,0.75,0.1,1,0,433.3333333333333 +- 42.82710496333169,49985.0 +- 0.0,50000.0 +- 0.0,23527.766666666666 +- 306.105648128374
problem_mknap14,0.75,0.1,1,1,349.1666666666667 +- 37.3834587552536,49985.0 +- 0.0,50000.0 +- 0.0,23691.2 +- 447.52186615812997
problem_mknap14,0.75,0.3,0,0,377.8 +- 25.93147468445142,49985.0 +- 0.0,50000.0 +- 0.0,19527.2 +- 983.7978626134327
problem_mknap14,0.75,0.3,0,1,278.6 +- 25.48643993753649,49985.0 +- 0.0,50000.0 +- 0.0,23859.866666666665 +- 461.891592993595
problem_mknap14,0.75,0.3,1,0,444.4 +- 26.4243878994778,49985.0 +- 0.0,50000.0 +- 0.0,19378.033333333333 +- 608.8333945332257
problem_mknap14,0.75,0.3,1,1,308.9 +- 16.70917567458485,49985.0 +- 0.0,50000.0 +- 0.0,23691.2 +- 447.52186615812997
problem_mknap14,0.5,0.01,0,0,311.3666666666667 +- 24.892158207553738,49985.0 +- 0.0,50000.0 +- 0.0,24183.366666666665 +- 421.8306968223261
problem_mknap14,0.5,0.01,0,1,248.7 +- 22.399430411477447,49985.0 +- 0.0,50000.0 +- 0.0,24107.0 +- 494.9606741606016
problem_mknap14,0.5,0.01,1,0,325.06666666666666 +- 22.266308758910323,49985.0 +- 0.0,50000.0 +- 0.0,24194.5 +- 450.61940129957367
problem_mknap14,0.5,0.01,1,1,341.6666666666667 +- 27.39787725647591,49985.0 +- 0.0,50000.0 +- 0.0,23900.866666666665 +- 459.89457062674046
problem_mknap14,0.5,0.1,0,0,378.73333333333335 +- 27.07325099688306,49985.0 +- 0.0,50000.0 +- 0.0,23395.033333333333 +- 217.39943903320915
problem_mknap14,0.5,0.1,0,1,300.46666666666664 +- 24.58164907536449,49985.0 +- 0.0,50000.0 +- 0.0,24107.0 +- 494.9606741606016
problem_mknap14,0.5,0.1,1,0,411.1 +- 40.06662554743812,49985.0 +- 0.0,50000.0 +- 0.0,23429.4 +- 347.28380523616465
problem_mknap14,0.5,0.1,1,1,334.4 +- 33.350386442469734,49985.0 +- 0.0,50000.0 +- 0.0,23900.866666666665 +- 459.89457062674046
problem_mknap14,0.5,0.3,0,0,409.3666666666667 +- 32.46056847541531,49985.0 +- 0.0,50000.0 +- 0.0,19196.1 +- 912.1882500055983
problem_mknap14,0.5,0.3,0,1,293.9 +- 19.68431898220264,49985.0 +- 0.0,50000.0 +- 0.0,24107.0 +- 494.9606741606016
problem_mknap14,0.5,0.3,1,0,444.5 +- 24.088557878994234,49985.0 +- 0.0,50000.0 +- 0.0,19367.8 +- 860.7093866549046
problem_mknap14,0.5,0.3,1,1,344.93333333333334 +- 23.17688106911614,49985.0 +- 0.0,50000.0 +- 0.0,23900.866666666665 +- 459.89457062674046
problem_mknap15,0.9,0.01,0,0,362.96666666666664 +- 28.78515342101314,49985.0 +- 0.0,50000.0 +- 0.0,21909.866666666665 +- 472.3773136347486
problem_mknap15,0.9,0.01,0,1,313.6333333333333 +- 26.66844103292198,49985.0 +- 0.0,50000.0 +- 0.0,22207.633333333335 +- 423.26607620309926
problem_mknap15,0.9,0.01,1,0,456.6 +- 29.564190827931426,49985.0 +- 0.0,50000.0 +- 0.0,21935.1 +- 396.9148566736648
problem_mknap15,0.9,0.01,1,1,379.6 +- 41.67824207028129,49985.0 +- 0.0,50000.0 +- 0.0,22180.2 +- 381.83498873294684
problem_mknap15,0.9,0.1,0,0,366.76666666666665 +- 46.97151252094984,49985.0 +- 0.0,50000.0 +- 0.0,21393.366666666665 +- 293.7319307232988
problem_mknap15,0.9,0.1,0,1,282.26666666666665 +- 25.695744090565203,49985.0 +- 0.0,50000.0 +- 0.0,22207.633333333335 +- 423.26607620309926
problem_mknap15,0.9,0.1,1,0,423.7 +- 23.975778006865234,49985.0 +- 0.0,50000.0 +- 0.0,21497.733333333334 +- 304.23866916631744
problem_mknap15,0.9,0.1,1,1,361.53333333333336 +- 25.35912178036267,49985.0 +- 0.0,50000.0 +- 0.0,22180.2 +- 381.83498873294684
problem_mknap15,0.9,0.3,0,0,373.43333333333334 +- 28.832074253288233,49985.0 +- 0.0,50000.0 +- 0.0,18184.4 +- 681.8037233994687
problem_mknap15,0.9,0.3,0,1,245.0 +- 14.467561813504936,49985.0 +- 0.0,50000.0 +- 0.0,22207.633333333335 +- 423.26607620309926
problem_mknap15,0.9,0.3,1,0,419.7 +- 16.938326261815956,49985.0 +- 0.0,50000.0 +- 0.0,18298.133333333335 +- 582.1550767049389
problem_mknap15,0.9,0.3,1,1,310.1 +- 19.964364805046152,49985.0 +- 0.0,50000.0 +- 0.0,22180.2 +- 381.83498873294684
problem_mknap15,0.75,0.01,0,0,264.4 +- 22.52906169128344,49985.0 +- 0.0,50000.0 +- 0.0,21823.466666666667 +- 551.7545514605849
problem_mknap15,0.75,0.01,0,1,249.03333333333333 +- 89.96799558668103,49985.0 +- 0.0,50000.0 +- 0.0,22099.3 +- 369.95098929825645
problem_mknap15,0.75,0.01,1,0,416.1333333333333 +- 25.55417953983307,49985.0 +- 0.0,50000.0 +- 0.0,21913.966666666667 +- 410.80832709329957
problem_mknap15,0.75,0.01,1,1,372.2 +- 26.74838055039904,49985.0 +- 0.0,50000.0 +- 0.0,22018.933333333334 +- 364.58629680240585
problem_mknap15,0.75,0.1,0,0,386.5 +- 33.66441895307679,49985.0 +- 0.0,50000.0 +- 0.0,21316.766666666666 +- 284.9506531184718
problem_mknap15,0.75,0.1,0,1,298.2 +- 27.274340600139425,49985.0 +- 0.0,50000.0 +- 0.0,22099.3 +- 369.95098929825645
problem_mknap15,0.75,0.1,1,0,444.56666666666666 +- 25.459478735262127,49985.0 +- 0.0,50000.0 +- 0.0,21461.833333333332 +- 348.1339499767824
problem_mknap15,0.75,0.1,1,1,366.76666666666665 +- 32.08360128265478,49985.0 +- 0.0,50000.0 +- 0.0,22018.933333333334 +- 364.58629680240585
problem_mknap15,0.75,0.3,0,0,414.96666666666664 +- 32.51470047726777,49985.0 +- 0.0,50000.0 +- 0.0,18139.7 +- 694.4434710491262
problem_mknap15,0.75,0.3,0,1,302.8666666666667 +- 26.110816008766907,49985.0 +- 0.0,50000.0 +- 0.0,22099.3 +- 369.95098929825645
problem_mknap15,0.75,0.3,1,0,466.6333333333333 +- 33.717368217881855,49985.0 +- 0.0,50000.0 +- 0.0,17907.4 +- 678.1442527856495
problem_mknap15,0.75,0.3,1,1,360.23333333333335 +- 31.279257568282986,49985.0 +- 0.0,50000.0 +- 0.0,22018.933333333334 +- 364.58629680240585
problem_mknap15,0.5,0.01,0,0,335.96666666666664 +- 20.45092247027154,49985.0 +- 0.0,50000.0 +- 0.0,21976.5 +- 471.32957573816356
problem_mknap15,0.5,0.01,0,1,276.43333333333334 +- 27.41341646527938,49985.0 +- 0.0,50000.0 +- 0.0,22270.566666666666 +- 315.8102533040275
problem_mknap15,0.5,0.01,1,0,374.23333333333335 +- 25.09936574735585,49985.0 +- 0.0,50000.0 +- 0.0,21855.066666666666 +- 580.614414952449
problem_mknap15,0.5,0.01,1,1,311.7 +- 24.690009147915234,49985.0 +- 0.0,50000.0 +- 0.0,22142.466666666667 +- 474.83672208842285
problem_mknap15,0.5,0.1,0,0,324.06666666666666 +- 17.66143926132888,49985.0 +- 0.0,50000.0 +- 0.0,21311.933333333334 +- 323.93197810154777
problem_mknap15,0.5,0.1,0,1,246.2 +- 25.241454682382287,49985.0 +- 0.0,50000.0 +- 0.0,22270.566666666666 +- 315.8102533040275
problem_mknap15,0.5,0.1,1,0,356.43333333333334 +- 22.90412300383301,49985.0 +- 0.0,50000.0 +- 0.0,21319.6 +- 343.1510776159176
problem_mknap15,0.5,0.1,1,1,257.23333333333335 +- 25.229543893171577,49985.0 +- 0.0,50000.0 +- 0.0,22142.466666666667 +- 474.83672208842285
problem_mknap15,0.5,0.3,0,0,292.23333333333335 +- 16.49803192721072,49985.0 +- 0.0,50000.0 +- 0.0,18132.766666666666 +- 520.2297690863895
problem_mknap15,0.5,0.3,0,1,173.83333333333334 +- 8.229816830128803,49985.0 +- 0.0,50000.0 +- 0.0,22270.566666666666 +- 315.8102533040275
problem_mknap15,0.5,0.3,1,0,292.8333333333333 +- 9.078520817285439,49985.0 +- 0.0,50000.0 +- 0.0,17998.833333333332 +- 614.9572501729123
problem_mknap15,0.5,0.3,1,1,210.13333333333333 +- 9.722825378115834,49985.0 +- 0.0,50000.0 +- 0.0,22142.466666666667 +- 474.83672208842285
